neurons,neuros2,time_steps,l2_factor,model_file,R2_Train,MSE_Train,R2_Validation,MSE_Validation,R2_Test,MSE_Test
16,9,4,0.1,saved_models/model_U16_U29_TS4_L2-0.1.keras,0.915138840675354,0.006547058466821909,0.8896450996398926,0.015406441874802113,0.8383623361587524,0.008790471591055393
15,4,4,0.1,saved_models/model_U15_U24_TS4_L2-0.1.keras,0.9419429302215576,0.004479114897549152,0.9033973217010498,0.013486520387232304,0.8188630938529968,0.009850917384028435
11,2,4,0.1,saved_models/model_U11_U22_TS4_L2-0.1.keras,0.926974356174469,0.005633944179862738,0.9093443155288696,0.012656273320317268,0.8150202035903931,0.010059905238449574
18,6,4,0.1,saved_models/model_U18_U26_TS4_L2-0.1.keras,0.9086998701095581,0.007043825462460518,0.8969445824623108,0.01438737753778696,0.8103017807006836,0.010316514410078526
19,6,4,0.1,saved_models/model_U19_U26_TS4_L2-0.1.keras,0.9431820511817932,0.004383519291877747,0.9089534282684326,0.012710842303931713,0.8094313144683838,0.010363854467868805
15,6,4,0.1,saved_models/model_U15_U26_TS4_L2-0.1.keras,0.9360069036483765,0.004937082529067993,0.8982928395271301,0.014199146069586277,0.8065701127052307,0.010519457049667835
17,6,3,0.1,saved_models/model_U17_U26_TS3_L2-0.1.keras,0.9229233264923096,0.005943784490227699,0.8891866207122803,0.015459181740880013,0.8040745258331299,0.010649935342371464
14,8,4,0.9,saved_models/model_U14_U28_TS4_L2-0.9.keras,0.9429775476455688,0.00439929636195302,0.9103899002075195,0.012510301545262337,0.8013309240341187,0.01080438494682312
19,4,3,0.9,saved_models/model_U19_U24_TS3_L2-0.9.keras,0.9319137334823608,0.005250486545264721,0.9020892977714539,0.013659174554049969,0.8000458478927612,0.010868922807276249
16,8,4,0.1,saved_models/model_U16_U28_TS4_L2-0.1.keras,0.9409306645393372,0.00455721328034997,0.9101611971855164,0.01254222821444273,0.7979845404624939,0.010986372828483582
16,9,4,0.9,saved_models/model_U16_U29_TS4_L2-0.9.keras,0.9291015863418579,0.005469828844070435,0.9075523614883423,0.012906440533697605,0.7969914674758911,0.011040379293262959
15,14,4,0.9,saved_models/model_U15_U214_TS4_L2-0.9.keras,0.9284794926643372,0.005517821293324232,0.8991121053695679,0.014084767550230026,0.7951854467391968,0.01113859936594963
10,5,4,0.1,saved_models/model_U10_U25_TS4_L2-0.1.keras,0.9289443492889404,0.005481956992298365,0.9006606340408325,0.013868587091565132,0.7949151396751404,0.011153298430144787
18,6,3,0.9,saved_models/model_U18_U26_TS3_L2-0.9.keras,0.9279757142066956,0.005554167088121176,0.9041454195976257,0.013372326269745827,0.7924442291259766,0.011282123625278473
18,6,4,0.9,saved_models/model_U18_U26_TS4_L2-0.9.keras,0.9387531876564026,0.00472520524635911,0.9007997512817383,0.013849161565303802,0.7923172116279602,0.011294583790004253
18,6,3,0.1,saved_models/model_U18_U26_TS3_L2-0.1.keras,0.9125710129737854,0.006742105353623629,0.892957329750061,0.014933139085769653,0.7916638255119324,0.011324544437229633
16,9,3,0.1,saved_models/model_U16_U29_TS3_L2-0.1.keras,0.9272758364677429,0.00560813769698143,0.8938168287277222,0.01481323316693306,0.7895073890686035,0.011441760696470737
19,6,3,0.1,saved_models/model_U19_U26_TS3_L2-0.1.keras,0.949181318283081,0.003918893169611692,0.9030856490135193,0.01352017279714346,0.7892935276031494,0.011453386396169662
14,10,4,0.9,saved_models/model_U14_U210_TS4_L2-0.9.keras,0.9297740459442139,0.005417948123067617,0.897162139415741,0.014356999658048153,0.7880186438560486,0.011528355069458485
13,4,4,0.1,saved_models/model_U13_U24_TS4_L2-0.1.keras,0.9263225197792053,0.005684234201908112,0.9062677025794983,0.013085790909826756,0.7854155898094177,0.011669918894767761
16,8,4,0.9,saved_models/model_U16_U28_TS4_L2-0.9.keras,0.9357016682624817,0.004960629157721996,0.9051939249038696,0.013235697522759438,0.7853904962539673,0.011671285144984722
18,11,4,0.1,saved_models/model_U18_U211_TS4_L2-0.1.keras,0.9396442174911499,0.004656462464481592,0.905612587928772,0.013177246786653996,0.784912109375,0.011697301641106606
18,16,3,0.1,saved_models/model_U18_U216_TS3_L2-0.1.keras,0.9328529238700867,0.005178061313927174,0.8938683271408081,0.014806048013269901,0.7839267253875732,0.011745112016797066
10,5,4,0.9,saved_models/model_U10_U25_TS4_L2-0.9.keras,0.9426747560501099,0.004422654397785664,0.8904743790626526,0.015290670096874237,0.7833192348480225,0.01178392581641674
18,16,4,0.9,saved_models/model_U18_U216_TS4_L2-0.9.keras,0.9284219741821289,0.0055222581140697,0.8920135498046875,0.015075783245265484,0.783179759979248,0.011791514232754707
19,4,3,0.1,saved_models/model_U19_U24_TS3_L2-0.1.keras,0.9355533123016357,0.004969820845872164,0.8782607913017273,0.016983402892947197,0.7827976942062378,0.011806481517851353
16,9,3,0.9,saved_models/model_U16_U29_TS3_L2-0.9.keras,0.9258561134338379,0.005717623047530651,0.9003320932388306,0.013904311694204807,0.7816210985183716,0.011870437301695347
10,5,3,0.9,saved_models/model_U10_U25_TS3_L2-0.9.keras,0.9410095810890198,0.0045490567572414875,0.895419716835022,0.014589624479413033,0.7813864350318909,0.01188319269567728
19,4,4,0.9,saved_models/model_U19_U24_TS4_L2-0.9.keras,0.9464765787124634,0.0041293432004749775,0.9146801829338074,0.01191133726388216,0.7797309160232544,0.011979073286056519
18,11,4,0.9,saved_models/model_U18_U211_TS4_L2-0.9.keras,0.9386062622070312,0.004736541770398617,0.9030125737190247,0.013540233485400677,0.7790293097496033,0.012017229571938515
16,9,4,0.9,saved_models/model_U16_U29_TS4_L2-0.9.keras,0.9270676970481873,0.005626743659377098,0.9044915437698364,0.013333754613995552,0.778950035572052,0.01202154066413641
11,2,3,0.9,saved_models/model_U11_U22_TS3_L2-0.9.keras,0.9353479146957397,0.004985657054930925,0.9076213240623474,0.01288741547614336,0.7784810662269592,0.012041120789945126
17,13,4,0.9,saved_models/model_U17_U213_TS4_L2-0.9.keras,0.9238985180854797,0.005871247500181198,0.9011507034301758,0.013800165615975857,0.7779702544212341,0.012074824422597885
15,6,3,0.1,saved_models/model_U15_U26_TS3_L2-0.1.keras,0.930421769618988,0.005365539807826281,0.901947021484375,0.013679019175469875,0.777624249458313,0.012087694369256496
13,4,4,0.9,saved_models/model_U13_U24_TS4_L2-0.9.keras,0.9474889039993286,0.004051243420690298,0.8825743794441223,0.016393572092056274,0.7774574756622314,0.01210271380841732
14,10,3,0.1,saved_models/model_U14_U210_TS3_L2-0.1.keras,0.9179921746253967,0.006324051413685083,0.8986032009124756,0.014145506545901299,0.7758138179779053,0.01218610443174839
14,12,4,0.1,saved_models/model_U14_U212_TS4_L2-0.1.keras,0.9486799836158752,0.003959350753575563,0.8974007368087769,0.014323691837489605,0.7754616737365723,0.012211252003908157
19,6,4,0.9,saved_models/model_U19_U26_TS4_L2-0.9.keras,0.9331550002098083,0.005157106090337038,0.9003007411956787,0.013918828219175339,0.7751328945159912,0.012229133397340775
13,4,4,0.1,saved_models/model_U13_U24_TS4_L2-0.1.keras,0.9324339032173157,0.00521274097263813,0.8956719636917114,0.014565039426088333,0.7750918865203857,0.012231362983584404
19,6,4,0.9,saved_models/model_U19_U26_TS4_L2-0.9.keras,0.9521597027778625,0.0036908872425556183,0.8794492483139038,0.01682986691594124,0.7750099897384644,0.012235816568136215
14,10,4,0.1,saved_models/model_U14_U210_TS4_L2-0.1.keras,0.935534656047821,0.004973514936864376,0.9072637557983398,0.012946736067533493,0.7738319039344788,0.012299885042011738
12,7,4,0.1,saved_models/model_U12_U27_TS4_L2-0.1.keras,0.9202264547348022,0.006154546048492193,0.8941229581832886,0.014781293459236622,0.7735154032707214,0.012317097745835781
17,13,4,0.1,saved_models/model_U17_U213_TS4_L2-0.1.keras,0.9270835518836975,0.005625520832836628,0.9059880971908569,0.013124825432896614,0.773369312286377,0.012325041927397251
17,6,3,0.9,saved_models/model_U17_U26_TS3_L2-0.9.keras,0.9179835319519043,0.00632471451535821,0.9045450687408447,0.01331657450646162,0.7731817960739136,0.012329171411693096
14,8,4,0.1,saved_models/model_U14_U28_TS4_L2-0.1.keras,0.9278782606124878,0.005564207676798105,0.8902093768119812,0.015327663160860538,0.7721349000930786,0.01239217258989811
16,8,3,0.1,saved_models/model_U16_U28_TS3_L2-0.1.keras,0.93618243932724,0.004921303130686283,0.8967230916023254,0.014407788403332233,0.7719523906707764,0.012396001257002354
18,16,4,0.1,saved_models/model_U18_U216_TS4_L2-0.1.keras,0.9453504681587219,0.004216221161186695,0.9023182988166809,0.013637159019708633,0.7716019153594971,0.012421160005033016
13,11,4,0.1,saved_models/model_U13_U211_TS4_L2-0.1.keras,0.9290299415588379,0.00547535577788949,0.8959419131278992,0.014527354389429092,0.7710456252098083,0.01245141215622425
12,11,4,0.1,saved_models/model_U12_U211_TS4_L2-0.1.keras,0.9421207904815674,0.004465395584702492,0.9017177820205688,0.013720995746552944,0.770801842212677,0.012464670464396477
19,6,3,0.1,saved_models/model_U19_U26_TS3_L2-0.1.keras,0.9201989769935608,0.0061538731679320335,0.8896114826202393,0.015399911440908909,0.7704566121101379,0.012477305717766285
11,2,3,0.1,saved_models/model_U11_U22_TS3_L2-0.1.keras,0.9299005270004272,0.005405735690146685,0.9052772521972656,0.013214429840445518,0.7702966332435608,0.012486003339290619
14,10,3,0.9,saved_models/model_U14_U210_TS3_L2-0.9.keras,0.916153073310852,0.006465873681008816,0.898585319519043,0.014147999696433544,0.7696585059165955,0.012520688585937023
10,5,3,0.1,saved_models/model_U10_U25_TS3_L2-0.1.keras,0.9068363904953003,0.007184331305325031,0.8981056809425354,0.014214909635484219,0.7690966129302979,0.012551229447126389
15,6,4,0.9,saved_models/model_U15_U26_TS4_L2-0.9.keras,0.9170796275138855,0.00639732601121068,0.8993355631828308,0.014053571037948132,0.7687292098999023,0.012577387504279613
12,6,3,0.9,saved_models/model_U12_U26_TS3_L2-0.9.keras,0.9214381575584412,0.0060583120211958885,0.885688841342926,0.015947140753269196,0.7685282230377197,0.012582127004861832
10,5,4,0.1,saved_models/model_U10_U25_TS4_L2-0.1.keras,0.9171462059020996,0.006392187904566526,0.8866103887557983,0.015830108895897865,0.7675790786743164,0.012639937922358513
12,6,4,0.1,saved_models/model_U12_U26_TS4_L2-0.1.keras,0.9281695485115051,0.005541735794395208,0.9100272059440613,0.01256093755364418,0.7675172090530396,0.012643301859498024
18,11,3,0.1,saved_models/model_U18_U211_TS3_L2-0.1.keras,0.9371675848960876,0.004845333285629749,0.8898377418518066,0.015368343330919743,0.7671949863433838,0.012654599733650684
19,6,3,0.9,saved_models/model_U19_U26_TS3_L2-0.9.keras,0.9192848205566406,0.006224369630217552,0.8979104161262512,0.014242151752114296,0.766833484172821,0.012674249708652496
14,8,3,0.9,saved_models/model_U14_U28_TS3_L2-0.9.keras,0.9207391142845154,0.006112217903137207,0.8999981880187988,0.013950889930129051,0.766642689704895,0.012684621848165989
19,6,4,0.1,saved_models/model_U19_U26_TS4_L2-0.1.keras,0.9318506717681885,0.005257736891508102,0.8909306526184082,0.015226965770125389,0.7665824890136719,0.012694135308265686
16,9,3,0.1,saved_models/model_U16_U29_TS3_L2-0.1.keras,0.9418021440505981,0.004487938713282347,0.8955174684524536,0.01457598153501749,0.7665358781814575,0.012690424919128418
10,5,3,0.1,saved_models/model_U10_U25_TS3_L2-0.1.keras,0.9365147352218628,0.004895677790045738,0.8895247578620911,0.01541200466454029,0.7663050889968872,0.012702971696853638
20,12,3,0.9,saved_models/model_U20_U212_TS3_L2-0.9.keras,0.9139523506164551,0.0066355811432003975,0.8935452699661255,0.014851123094558716,0.7656022906303406,0.01274117175489664
15,4,4,0.9,saved_models/model_U15_U24_TS4_L2-0.9.keras,0.9316082000732422,0.005276440642774105,0.902648389339447,0.013591079041361809,0.7654479742050171,0.012755836360156536
13,4,3,0.1,saved_models/model_U13_U24_TS3_L2-0.1.keras,0.9353995323181152,0.004981677979230881,0.8983312845230103,0.014183443039655685,0.7648983597755432,0.012779436074197292
14,8,3,0.1,saved_models/model_U14_U28_TS3_L2-0.1.keras,0.9291530847549438,0.0054633719846606255,0.8974696397781372,0.014303640462458134,0.7648041248321533,0.012784561142325401
11,6,4,0.9,saved_models/model_U11_U26_TS4_L2-0.9.keras,0.929060697555542,0.005472982302308083,0.8942709565162659,0.014760635793209076,0.7644565105438232,0.012809754349291325
16,9,3,0.9,saved_models/model_U16_U29_TS3_L2-0.9.keras,0.9186792373657227,0.006271067541092634,0.8938509821891785,0.014808467589318752,0.7637673616409302,0.012840913608670235
19,4,4,0.1,saved_models/model_U19_U24_TS4_L2-0.1.keras,0.977842390537262,0.0017094638897106051,0.9273330569267273,0.010144899599254131,0.7636128067970276,0.01285563688725233
15,6,3,0.9,saved_models/model_U15_U26_TS3_L2-0.9.keras,0.9297469258308411,0.005417578388005495,0.903705894947052,0.013433645479381084,0.7617508769035339,0.012950525619089603
15,14,3,0.9,saved_models/model_U15_U214_TS3_L2-0.9.keras,0.9357565641403198,0.004954144824296236,0.8808879852294922,0.01661689579486847,0.761558473110199,0.012960982508957386
17,13,3,0.1,saved_models/model_U17_U213_TS3_L2-0.1.keras,0.9121463298797607,0.0067748515866696835,0.8929867148399353,0.014929043129086494,0.76153963804245,0.012962007895112038
16,9,4,0.1,saved_models/model_U16_U29_TS4_L2-0.1.keras,0.9167230129241943,0.006424838211387396,0.902344286441803,0.013633528724312782,0.7609757781028748,0.012999050319194794
17,12,4,0.1,saved_models/model_U17_U212_TS4_L2-0.1.keras,0.9363970756530762,0.004906980320811272,0.9047542214393616,0.013297087512910366,0.7609668970108032,0.01299953181296587
11,2,3,0.1,saved_models/model_U11_U22_TS3_L2-0.1.keras,0.9364782571792603,0.004898490849882364,0.881554126739502,0.01652395911514759,0.7605500817298889,0.013015796430408955
20,12,3,0.1,saved_models/model_U20_U212_TS3_L2-0.1.keras,0.9384301900863647,0.004747968632727861,0.881332516670227,0.016554871574044228,0.7597856521606445,0.013057350181043148
13,4,4,0.9,saved_models/model_U13_U24_TS4_L2-0.9.keras,0.9384180307388306,0.0047510648146271706,0.8897107243537903,0.015397277660667896,0.7588726282119751,0.01311342604458332
15,4,3,0.1,saved_models/model_U15_U24_TS3_L2-0.1.keras,0.9354113340377808,0.004980765283107758,0.8916934728622437,0.015109457075595856,0.7568162083625793,0.013218758627772331
17,12,4,0.9,saved_models/model_U17_U212_TS4_L2-0.9.keras,0.9354682564735413,0.004978638142347336,0.8995212316513062,0.014027655124664307,0.7568127512931824,0.013225452043116093
13,4,3,0.1,saved_models/model_U13_U24_TS3_L2-0.1.keras,0.9360978007316589,0.004927830304950476,0.8991943001747131,0.014063043519854546,0.7567279934883118,0.013223553076386452
15,4,3,0.9,saved_models/model_U15_U24_TS3_L2-0.9.keras,0.9338646531105042,0.005100039299577475,0.8801661729812622,0.016717586666345596,0.7563973665237427,0.013241524808108807
19,6,3,0.9,saved_models/model_U19_U26_TS3_L2-0.9.keras,0.930931568145752,0.005326224956661463,0.8792964220046997,0.016838926821947098,0.7562054991722107,0.013251954689621925
11,6,3,0.1,saved_models/model_U11_U26_TS3_L2-0.1.keras,0.9214633703231812,0.006056366953998804,0.8953473567962646,0.014599715359508991,0.7560837268829346,0.013258574530482292
17,13,3,0.9,saved_models/model_U17_U213_TS3_L2-0.9.keras,0.940299391746521,0.004603822715580463,0.8892257809638977,0.01545371487736702,0.7557757496833801,0.013275315053761005
11,2,4,0.1,saved_models/model_U11_U22_TS4_L2-0.1.keras,0.9463599920272827,0.004138338845223188,0.8898231387138367,0.01538158394396305,0.7535845637321472,0.013401012867689133
17,6,4,0.1,saved_models/model_U17_U26_TS4_L2-0.1.keras,0.9311791062355042,0.0053095463663339615,0.8996115326881409,0.014015045017004013,0.7535273432731628,0.013404123485088348
10,5,3,0.9,saved_models/model_U10_U25_TS3_L2-0.9.keras,0.9041296243667603,0.0073930625803768635,0.8900867700576782,0.01533360406756401,0.7523148655891418,0.013463439419865608
13,11,3,0.9,saved_models/model_U13_U211_TS3_L2-0.9.keras,0.9332870841026306,0.00514457980170846,0.9092375040054321,0.012661946937441826,0.7519956827163696,0.013480788096785545
15,14,4,0.1,saved_models/model_U15_U214_TS4_L2-0.1.keras,0.9225361347198486,0.005976355634629726,0.8900092840194702,0.015355599112808704,0.7519729137420654,0.013488661497831345
14,12,4,0.9,saved_models/model_U14_U212_TS4_L2-0.9.keras,0.9397304654121399,0.00464980723336339,0.9021652936935425,0.013658520765602589,0.751695454120636,0.013503748923540115
11,2,4,0.9,saved_models/model_U11_U22_TS4_L2-0.9.keras,0.9220571517944336,0.006013310514390469,0.8975066542625427,0.01430890616029501,0.7510351538658142,0.013539659790694714
10,5,4,0.9,saved_models/model_U10_U25_TS4_L2-0.9.keras,0.9250625967979431,0.005781436339020729,0.8974593281745911,0.014315513893961906,0.7507076859474182,0.013557467609643936
10,5,3,0.1,saved_models/model_U10_U25_TS3_L2-0.1.keras,0.9090784788131714,0.007011428941041231,0.8954145312309265,0.014590342529118061,0.7498496174812317,0.013597441837191582
13,4,3,0.9,saved_models/model_U13_U24_TS3_L2-0.9.keras,0.948384165763855,0.003980367910116911,0.8943168520927429,0.014743476174771786,0.7486766576766968,0.013661199249327183
12,11,3,0.1,saved_models/model_U12_U211_TS3_L2-0.1.keras,0.9262566566467285,0.005686734803020954,0.8984706997871399,0.014163991436362267,0.7484637498855591,0.01367277279496193
17,6,4,0.9,saved_models/model_U17_U26_TS4_L2-0.9.keras,0.926437497138977,0.005675362888723612,0.8978861570358276,0.014255919493734837,0.7469513416290283,0.013761754147708416
13,4,3,0.9,saved_models/model_U13_U24_TS3_L2-0.9.keras,0.9350402355194092,0.005009387619793415,0.9015316963195801,0.013736958615481853,0.7453659772872925,0.013841159641742706
11,2,4,0.9,saved_models/model_U11_U22_TS4_L2-0.9.keras,0.9469807147979736,0.0040904502384364605,0.9090683460235596,0.012694797478616238,0.7444014549255371,0.013900426216423512
16,8,3,0.9,saved_models/model_U16_U28_TS3_L2-0.9.keras,0.9206117987632751,0.006122036837041378,0.8960038423538208,0.014508130960166454,0.7442765831947327,0.013900375925004482
18,11,3,0.9,saved_models/model_U18_U211_TS3_L2-0.9.keras,0.9462313652038574,0.00414638128131628,0.88653963804245,0.0158284492790699,0.7441314458847046,0.01390826515853405
17,12,3,0.1,saved_models/model_U17_U212_TS3_L2-0.1.keras,0.9360439777374268,0.004931983072310686,0.8812193870544434,0.01657065749168396,0.7436845302581787,0.013932560570538044
12,11,3,0.9,saved_models/model_U12_U211_TS3_L2-0.9.keras,0.9265795946121216,0.005661827512085438,0.9009398221969604,0.013819528743624687,0.7432699203491211,0.013955095782876015
18,16,3,0.9,saved_models/model_U18_U216_TS3_L2-0.9.keras,0.9108823537826538,0.0068723238073289394,0.8888908624649048,0.015500439330935478,0.7426580190658569,0.013988354243338108
13,11,4,0.9,saved_models/model_U13_U211_TS4_L2-0.9.keras,0.9302738904953003,0.00537938391789794,0.9079589247703552,0.012849686667323112,0.7413721084594727,0.014065169729292393
13,11,3,0.1,saved_models/model_U13_U211_TS3_L2-0.1.keras,0.908234715461731,0.007076497655361891,0.8954958319664001,0.014579005539417267,0.7403160333633423,0.014115658588707447
15,14,3,0.1,saved_models/model_U15_U214_TS3_L2-0.1.keras,0.9201884865760803,0.006154682487249374,0.8959293365478516,0.014518524520099163,0.7400978803634644,0.014127517119050026
17,12,3,0.9,saved_models/model_U17_U212_TS3_L2-0.9.keras,0.9366539120674133,0.004884947091341019,0.8965842723846436,0.01442716084420681,0.7392723560333252,0.014172391965985298
10,5,3,0.9,saved_models/model_U10_U25_TS3_L2-0.9.keras,0.9139450192451477,0.006636148318648338,0.9020366072654724,0.013666525483131409,0.7385073900222778,0.01421397365629673
14,12,3,0.9,saved_models/model_U14_U212_TS3_L2-0.9.keras,0.9152637720108032,0.006534453481435776,0.890808641910553,0.015232892706990242,0.7381175756454468,0.014235162176191807
12,6,3,0.1,saved_models/model_U12_U26_TS3_L2-0.1.keras,0.9589317440986633,0.0031669887248426676,0.8745913505554199,0.01749531179666519,0.7377959489822388,0.014252645894885063
10,5,4,0.1,saved_models/model_U10_U25_TS4_L2-0.1.keras,0.9687145352363586,0.0024136784486472607,0.9176278114318848,0.011499829590320587,0.73631751537323,0.014340057969093323
11,2,3,0.9,saved_models/model_U11_U22_TS3_L2-0.9.keras,0.9422678351402283,0.004452028311789036,0.9033769369125366,0.01347954012453556,0.7358623743057251,0.014357749372720718
11,6,4,0.1,saved_models/model_U11_U26_TS4_L2-0.1.keras,0.9149183630943298,0.006564068607985973,0.8887028098106384,0.015537995845079422,0.7354256510734558,0.014388563111424446
12,7,4,0.9,saved_models/model_U12_U27_TS4_L2-0.9.keras,0.9116373658180237,0.006817196030169725,0.8931191563606262,0.01492143515497446,0.7334665060043335,0.01449510920792818
11,6,3,0.9,saved_models/model_U11_U26_TS3_L2-0.9.keras,0.9342375993728638,0.005071281921118498,0.8629457950592041,0.01911993883550167,0.7304918766021729,0.01464967243373394
12,7,3,0.9,saved_models/model_U12_U27_TS3_L2-0.9.keras,0.9365934133529663,0.004889613948762417,0.8927788734436035,0.0149580342695117,0.7254197597503662,0.014925378374755383
12,6,4,0.9,saved_models/model_U12_U26_TS4_L2-0.9.keras,0.9302505254745483,0.005381185561418533,0.9040849208831787,0.01339052151888609,0.7253117561340332,0.0149385966360569
12,7,3,0.1,saved_models/model_U12_U27_TS3_L2-0.1.keras,0.9207683205604553,0.006109966896474361,0.8892686367034912,0.01544773206114769,0.7243316769599915,0.014984522014856339
14,12,3,0.1,saved_models/model_U14_U212_TS3_L2-0.1.keras,0.9123926162719727,0.006755863316357136,0.8976297974586487,0.014281303621828556,0.7196430563926697,0.015239382162690163
12,11,4,0.9,saved_models/model_U12_U211_TS4_L2-0.9.keras,0.9684633612632751,0.0024330569431185722,0.8965134620666504,0.014447560533881187,0.7112716436386108,0.015702148899435997
10,5,4,0.9,saved_models/model_U10_U25_TS4_L2-0.9.keras,0.9213029146194458,0.00607149675488472,0.8657171726226807,0.01874697580933571,0.6884669065475464,0.016942359507083893
