neurons,neurons2,time_steps,l2_factor,model_file,R2_Train,MSE_Train,R2_Validation,MSE_Validation,R2_Test,MSE_Test
13,8,3,0.9,saved_models/model_U13_N28_TS3_L2-0.9.keras,0.933259904384613,0.005146674811840057,0.9107834100723267,0.012446288019418716,0.8372161984443665,0.00884845107793808
19,8,4,0.9,saved_models/model_U19_N28_TS4_L2-0.9.keras,0.9251877069473267,0.00577178318053484,0.8960493206977844,0.014512361958622932,0.801578938961029,0.01079089567065239
19,4,3,0.1,saved_models/model_U19_N24_TS3_L2-0.1.keras,0.9507225751876831,0.0038000387139618397,0.8956845998764038,0.014552665874361992,0.7886629700660706,0.01148766279220581
20,12,4,0.1,saved_models/model_U20_N212_TS4_L2-0.1.keras,0.9349340200424194,0.005019853822886944,0.8715676069259644,0.01793021149933338,0.785108208656311,0.011686635203659534
14,10,4,0.9,saved_models/model_U14_N210_TS4_L2-0.9.keras,0.9438724517822266,0.004330253694206476,0.9005257487297058,0.01388741284608841,0.7848293781280518,0.011701799929141998
12,11,4,0.9,saved_models/model_U12_N211_TS4_L2-0.9.keras,0.946038007736206,0.0041631790809333324,0.880588710308075,0.01667078398168087,0.7839343547821045,0.011750474572181702
18,17,2,0.1,saved_models/model_U18_N217_TS2_L2-0.1.keras,0.92027747631073,0.006145027931779623,0.8855323195457458,0.01595735363662243,0.7812886238098145,0.011882667429745197
15,14,4,0.9,saved_models/model_U15_N214_TS4_L2-0.9.keras,0.9669275283813477,0.0025515486486256123,0.8978658318519592,0.014258761890232563,0.7777949571609497,0.012084360234439373
11,7,4,0.9,saved_models/model_U11_N27_TS4_L2-0.9.keras,0.9097471237182617,0.006963029503822327,0.8955738544464111,0.01457874197512865,0.7773306965827942,0.012109607458114624
12,9,4,0.1,saved_models/model_U12_N29_TS4_L2-0.1.keras,0.9504629969596863,0.0038217895198613405,0.8989139199256897,0.014112438075244427,0.7764668464660645,0.012156586162745953
18,5,2,0.9,saved_models/model_U18_N25_TS2_L2-0.9.keras,0.9118643999099731,0.006793508771806955,0.8827101588249207,0.016350777819752693,0.7750471830368042,0.012221766635775566
16,4,3,0.1,saved_models/model_U16_N24_TS3_L2-0.1.keras,0.9571220874786377,0.003306538565084338,0.8967482447624207,0.01440428290516138,0.7730607986450195,0.012335751205682755
20,10,4,0.9,saved_models/model_U20_N210_TS4_L2-0.9.keras,0.9256191849708557,0.0057384963147342205,0.9064611792564392,0.013058782555162907,0.7716479301452637,0.01241865660995245
12,6,3,0.9,saved_models/model_U12_N26_TS3_L2-0.9.keras,0.9333330988883972,0.005141031462699175,0.8776841759681702,0.017063841223716736,0.7702946662902832,0.012486109510064125
15,11,2,0.1,saved_models/model_U15_N211_TS2_L2-0.1.keras,0.9168350696563721,0.0064103687182068825,0.8846921920776367,0.01607448048889637,0.7693277597427368,0.01253250241279602
13,9,3,0.1,saved_models/model_U13_N29_TS3_L2-0.1.keras,0.9089040756225586,0.007024880964308977,0.8701754808425903,0.01811135746538639,0.7691970467567444,0.012545771896839142
17,5,3,0.1,saved_models/model_U17_N25_TS3_L2-0.1.keras,0.9142845273017883,0.006609967444092035,0.8664512038230896,0.018630914390087128,0.7688661813735962,0.012563757598400116
11,2,2,0.1,saved_models/model_U11_N22_TS2_L2-0.1.keras,0.9263871908187866,0.005674088839441538,0.8710861802101135,0.017971221357584,0.7681629657745361,0.012595787644386292
15,13,3,0.9,saved_models/model_U15_N213_TS3_L2-0.9.keras,0.9350865483283997,0.00500581506639719,0.9001845121383667,0.01392490603029728,0.767018735408783,0.01266417931765318
11,10,4,0.1,saved_models/model_U11_N210_TS4_L2-0.1.keras,0.9411322474479675,0.004541661590337753,0.8804274797439575,0.016693292185664177,0.7664988040924072,0.012698688544332981
20,15,3,0.1,saved_models/model_U20_N215_TS3_L2-0.1.keras,0.9138806462287903,0.006641109939664602,0.8868005275726318,0.015792056918144226,0.7642502784729004,0.012814663350582123
13,8,4,0.9,saved_models/model_U13_N28_TS4_L2-0.9.keras,0.9757421612739563,0.0018714973703026772,0.9201202392578125,0.01115186046808958,0.7635624408721924,0.01285837683826685
13,12,2,0.1,saved_models/model_U13_N212_TS2_L2-0.1.keras,0.9219422340393066,0.006016710307449102,0.8786165118217468,0.016921458765864372,0.7634299397468567,0.012852934189140797
16,15,3,0.9,saved_models/model_U16_N215_TS3_L2-0.9.keras,0.9228183031082153,0.0059518818743526936,0.8898229598999023,0.015370402485132217,0.7632081508636475,0.01287131104618311
14,3,2,0.1,saved_models/model_U14_N23_TS2_L2-0.1.keras,0.9222276210784912,0.005994712933897972,0.8952345252037048,0.014604823663830757,0.7605044841766357,0.013011873699724674
10,1,4,0.9,saved_models/model_U10_N21_TS4_L2-0.9.keras,0.9418916702270508,0.004483071621507406,0.9099835157394409,0.012567030265927315,0.7596138715744019,0.013073114678263664
12,5,2,0.9,saved_models/model_U12_N25_TS2_L2-0.9.keras,0.915906548500061,0.0064819385297596455,0.8591223955154419,0.0196390300989151,0.7578145265579224,0.013158023357391357
10,5,4,0.1,saved_models/model_U10_N25_TS4_L2-0.1.keras,0.9641329050064087,0.0027671537827700377,0.9204243421554565,0.011109407991170883,0.7548688650131226,0.01333116739988327
10,2,3,0.9,saved_models/model_U10_N22_TS3_L2-0.9.keras,0.9359740018844604,0.004937376827001572,0.8936477899551392,0.014836812391877174,0.7527883052825928,0.013437704183161259
14,6,3,0.9,saved_models/model_U14_N26_TS3_L2-0.9.keras,0.9285313487052917,0.005511318799108267,0.8316327929496765,0.023488307371735573,0.7525550723075867,0.013450381346046925
14,4,2,0.9,saved_models/model_U14_N24_TS2_L2-0.9.keras,0.9199221730232239,0.006172416266053915,0.8864361047744751,0.015831366181373596,0.7525502443313599,0.013444031588733196
15,9,2,0.9,saved_models/model_U15_N29_TS2_L2-0.9.keras,0.9157537817955017,0.0064937155693769455,0.8832096457481384,0.01628115214407444,0.7520855069160461,0.013469282537698746
15,4,3,0.1,saved_models/model_U15_N24_TS3_L2-0.1.keras,0.9321314096450806,0.005233698058873415,0.8963042497634888,0.014466222375631332,0.7512025237083435,0.013523903675377369
17,5,2,0.9,saved_models/model_U17_N25_TS2_L2-0.9.keras,0.9190160632133484,0.006242258008569479,0.8898469805717468,0.01535587478429079,0.7503697872161865,0.013562497682869434
17,2,2,0.1,saved_models/model_U17_N22_TS2_L2-0.1.keras,0.9241762757301331,0.005844507832080126,0.8982896208763123,0.014178925193846226,0.7484289407730103,0.013667945750057697
17,5,3,0.9,saved_models/model_U17_N25_TS3_L2-0.9.keras,0.9325554966926575,0.005200995597988367,0.8744613528251648,0.017513448372483253,0.7481445074081421,0.013690125197172165
17,12,4,0.9,saved_models/model_U17_N212_TS4_L2-0.9.keras,0.9409518837928772,0.004555576015263796,0.8475441932678223,0.021284066140651703,0.7474901676177979,0.01373245008289814
10,9,2,0.1,saved_models/model_U10_N29_TS2_L2-0.1.keras,0.9084406495094299,0.00705741485580802,0.8788900375366211,0.016883328557014465,0.7468347549438477,0.013754555024206638
14,8,4,0.1,saved_models/model_U14_N28_TS4_L2-0.1.keras,0.9470024108886719,0.004088774789124727,0.8643041849136353,0.01894424296915531,0.744297206401825,0.013906095176935196
10,3,3,0.1,saved_models/model_U10_N23_TS3_L2-0.1.keras,0.9135985374450684,0.00666286563500762,0.889094889163971,0.01547197811305523,0.7434282302856445,0.013946487568318844
19,16,2,0.1,saved_models/model_U19_N216_TS2_L2-0.1.keras,0.9011374711990356,0.007620344869792461,0.882223904132843,0.016418568789958954,0.7391269207000732,0.014173327013850212
18,10,3,0.9,saved_models/model_U18_N210_TS3_L2-0.9.keras,0.9194045662879944,0.0062151323072612286,0.896763801574707,0.014402116648852825,0.7378787994384766,0.014248141087591648
11,4,3,0.9,saved_models/model_U11_N24_TS3_L2-0.9.keras,0.9271594882011414,0.005617111921310425,0.8740473985671997,0.01757119968533516,0.7378297448158264,0.014250806532800198
19,12,2,0.9,saved_models/model_U19_N212_TS2_L2-0.9.keras,0.9153352379798889,0.006525978446006775,0.8714019060134888,0.01792721077799797,0.737571120262146,0.014257854782044888
13,5,4,0.1,saved_models/model_U13_N25_TS4_L2-0.1.keras,0.9524894952774048,0.0036654446739703417,0.912276566028595,0.012246904894709587,0.7368564605712891,0.014310750178992748
15,13,4,0.1,saved_models/model_U15_N213_TS4_L2-0.1.keras,0.9232698082923889,0.005919748917222023,0.881015419960022,0.016611216589808464,0.7366306781768799,0.014323027804493904
18,17,4,0.9,saved_models/model_U18_N217_TS4_L2-0.9.keras,0.9577786326408386,0.0032573866192251444,0.8627772331237793,0.01915740966796875,0.7355303764343262,0.014382867142558098
17,11,4,0.1,saved_models/model_U17_N211_TS4_L2-0.1.keras,0.9524312615394592,0.0036699394695460796,0.8646193742752075,0.01890023611485958,0.733612060546875,0.014487192034721375
20,15,2,0.9,saved_models/model_U20_N215_TS2_L2-0.9.keras,0.9184647798538208,0.0062847500666975975,0.880800724029541,0.01661697030067444,0.7333787083625793,0.01448562741279602
20,12,2,0.1,saved_models/model_U20_N212_TS2_L2-0.1.keras,0.9441525936126709,0.004304731730371714,0.845312237739563,0.02156423218548298,0.7327843308448792,0.014517921954393387
10,3,2,0.9,saved_models/model_U10_N23_TS2_L2-0.9.keras,0.9286515116691589,0.005499554332345724,0.8834273815155029,0.016250796616077423,0.7320436835289001,0.014558160677552223
16,12,4,0.9,saved_models/model_U16_N212_TS4_L2-0.9.keras,0.9454522132873535,0.004208375234156847,0.8652729392051697,0.018808996304869652,0.7315970659255981,0.01459677517414093
14,1,3,0.1,saved_models/model_U14_N21_TS3_L2-0.1.keras,0.9235599637031555,0.00589468888938427,0.896602988243103,0.014424544759094715,0.7301895022392273,0.014666108414530754
19,2,3,0.9,saved_models/model_U19_N22_TS3_L2-0.9.keras,0.9292986392974854,0.005452150944620371,0.8828431367874146,0.016344135627150536,0.7298129796981812,0.01468657422810793
20,12,3,0.9,saved_models/model_U20_N212_TS3_L2-0.9.keras,0.9419857263565063,0.004473783075809479,0.8707732558250427,0.018027961254119873,0.725631833076477,0.014913852326571941
11,3,3,0.1,saved_models/model_U11_N23_TS3_L2-0.1.keras,0.8821607232093811,0.009087201207876205,0.8815567493438721,0.01652359776198864,0.72439044713974,0.014981327578425407
18,11,3,0.1,saved_models/model_U18_N211_TS3_L2-0.1.keras,0.9376456141471863,0.004808471538126469,0.8522987365722656,0.02060527540743351,0.720822274684906,0.015175283886492252
19,11,4,0.1,saved_models/model_U19_N211_TS4_L2-0.1.keras,0.9201642274856567,0.006159347947686911,0.8656786680221558,0.018752355128526688,0.7176700830459595,0.015354178845882416
13,2,2,0.9,saved_models/model_U13_N22_TS2_L2-0.9.keras,0.9134513139724731,0.006671191658824682,0.8905177116394043,0.01526237279176712,0.7170400619506836,0.015373311005532742
12,1,3,0.1,saved_models/model_U12_N21_TS3_L2-0.1.keras,0.9282965660095215,0.005529424175620079,0.9036922454833984,0.013435552828013897,0.7116280794143677,0.015675054863095284
12,9,2,0.1,saved_models/model_U12_N29_TS2_L2-0.1.keras,0.9277361035346985,0.0055701155215501785,0.8771795630455017,0.017121775075793266,0.7113670110702515,0.01568153314292431
18,17,4,0.1,saved_models/model_U18_N217_TS4_L2-0.1.keras,0.9383242726325989,0.00475829653441906,0.8568589687347412,0.019983654841780663,0.7103197574615479,0.015753915533423424
16,7,2,0.9,saved_models/model_U16_N27_TS2_L2-0.9.keras,0.9316097497940063,0.005271535366773605,0.8559910655021667,0.02007555589079857,0.7100083231925964,0.01575534977018833
16,10,4,0.1,saved_models/model_U16_N210_TS4_L2-0.1.keras,0.9364575147628784,0.004902315326035023,0.8690710663795471,0.01827874593436718,0.707423210144043,0.015911441296339035
16,11,2,0.1,saved_models/model_U16_N211_TS2_L2-0.1.keras,0.9351409673690796,0.004999345634132624,0.8128421902656555,0.026090718805789948,0.6938235759735107,0.01663467101752758
11,1,2,0.9,saved_models/model_U11_N21_TS2_L2-0.9.keras,0.8981921672821045,0.007847367785871029,0.8626481294631958,0.019147522747516632,0.6813988089561462,0.01730971410870552
