X,Y,Theta,Wd,We,WdRef,WeRef,PwmD,PwmE
0.00000,0.00000,0.00000,0.00000,0.00000,0.65000,-0.59000,9.70000,-8.89000
0.00000,0.00000,0.00000,0.00000,0.00000,0.65000,-0.59000,9.70000,-8.89000
0.00000,0.00000,0.00000,0.00000,0.00000,0.65000,-0.59000,13.59000,-12.44000
0.00000,0.00000,0.00000,0.00000,0.00000,0.65000,-0.59000,13.59000,-12.44000
0.00000,0.00000,0.00000,0.00000,0.00000,0.65000,-0.59000,17.47000,-15.99000
0.00000,0.00000,0.00000,0.00000,0.00000,0.65000,-0.59000,17.47000,-15.99000
0.00000,0.00000,0.00000,0.00000,0.00000,0.65000,-0.59000,21.35000,-19.55000
0.00000,0.00000,0.00000,0.00000,0.00000,0.65000,-0.59000,21.35000,-19.55000
0.00000,0.00000,0.00000,0.00000,0.00000,0.65000,-0.59000,25.23000,-23.10000
0.00000,0.00000,0.00000,0.00000,0.00000,0.65000,-0.59000,25.23000,-23.10000
0.00000,0.00000,0.00000,0.00000,0.00000,0.65000,-0.59000,29.11000,-26.66000
0.00000,0.00000,0.00000,0.00000,0.00000,0.65000,-0.59000,29.11000,-26.66000
0.00000,0.00000,0.00000,0.00000,0.00000,0.65000,-0.59000,32.99000,-30.21000
0.00000,0.00000,0.00000,0.00000,0.00000,0.65000,-0.59000,32.99000,-30.21000
0.00000,0.00000,0.00000,0.00000,0.00000,0.65000,-0.59000,36.88000,-33.77000
0.00000,0.00000,0.00000,0.00000,0.00000,0.65000,-0.59000,36.88000,-33.77000
0.00000,0.00000,0.00000,0.00000,0.00000,0.65000,-0.59000,40.76000,-37.32000
0.00000,0.00000,0.00000,0.00000,0.00000,0.65000,-0.59000,40.76000,-37.32000
0.00000,0.00000,0.00000,0.00000,0.00000,0.65000,-0.59000,44.64000,-40.88000
0.00000,0.00000,0.00000,0.00000,0.00000,0.65000,-0.59000,44.64000,-40.88000
0.00000,0.00000,0.00000,0.00000,0.00000,0.65000,-0.59000,48.52000,-44.43000
0.00000,0.00000,0.00000,0.00000,0.00000,0.65000,-0.59000,48.52000,-44.43000
0.00000,0.00000,0.00000,0.00000,0.00000,0.65000,-0.59000,52.40000,-47.98000
0.00000,0.00000,0.00000,0.00000,0.00000,0.65000,-0.59000,52.40000,-47.98000
0.00000,0.00000,0.00000,0.00000,0.00000,0.65000,-0.59000,56.28000,-51.54000
0.00000,0.00000,0.00000,0.00000,0.00000,0.65000,-0.59000,56.28000,-51.54000
0.00000,0.00000,0.00000,0.00000,0.00000,0.65000,-0.59000,60.17000,-55.09000
0.00000,0.00000,0.00000,0.00000,0.00000,0.65000,-0.59000,60.17000,-55.09000
0.00000,0.00000,0.00000,0.00000,0.00000,0.65000,-0.59000,64.05000,-58.65000
0.00000,0.00000,0.00000,0.00000,0.00000,0.65000,-0.59000,64.05000,-58.65000
0.00000,0.00000,0.00000,0.00000,0.00000,0.65000,-0.59000,67.93000,-62.20000
0.00000,0.00000,0.00000,0.00000,0.00000,0.65000,-0.59000,67.93000,-62.20000
0.00000,0.00000,0.00000,0.00000,0.00000,0.65000,-0.59000,71.81000,-65.76000
0.00000,0.00000,0.00000,0.00000,0.00000,0.65000,-0.59000,71.81000,-65.76000
0.00000,0.00000,0.00000,0.00000,0.00000,0.65000,-0.59000,75.69000,-69.31000
0.00000,0.00000,0.00000,0.03000,0.00000,0.65000,-0.59000,75.69000,-69.31000
0.00000,0.00000,0.00000,0.00000,0.00000,0.65000,-0.59000,79.16000,-72.86000
0.00000,0.00000,0.00000,0.00000,0.00000,0.65000,-0.59000,79.16000,-72.86000
0.00000,0.00000,0.00000,0.00000,0.00000,0.65000,-0.59000,83.29000,-76.41000
0.00000,0.00000,0.00000,0.00000,0.00000,0.65000,-0.59000,83.29000,-76.41000
0.00000,0.00000,0.00000,0.00000,0.00000,0.65000,-0.59000,87.17000,-79.96000
0.00000,0.00000,0.00000,0.00000,0.00000,0.65000,-0.59000,87.17000,-79.96000
0.00000,0.00000,0.00000,0.00000,0.00000,0.65000,-0.59000,91.05000,-83.51000
0.00000,0.00000,0.00000,0.00000,0.00000,0.65000,-0.59000,91.05000,-83.51000
0.00000,0.00000,0.00000,0.00000,0.00000,0.65000,-0.59000,94.93000,-87.06000
0.00000,0.00000,0.00000,0.00000,0.00000,0.65000,-0.59000,94.93000,-87.06000
0.00000,0.00000,0.00000,0.00000,0.00000,0.65000,-0.59000,98.82000,-90.61000
0.00000,0.00000,0.00000,0.00000,0.00000,0.65000,-0.59000,98.82000,-90.61000
0.00000,0.00000,0.00000,0.00000,0.00000,0.65000,-0.59000,102.70000,-94.16000
0.00000,0.00000,0.00000,0.03000,0.00000,0.65000,-0.59000,102.70000,-94.16000
0.00000,0.00000,0.00000,0.00000,0.00000,0.65000,-0.59000,106.16000,-97.71000
0.00000,0.00000,0.01000,0.31000,0.00000,0.65000,-0.59000,106.16000,-97.71000
0.00000,0.00000,0.01000,0.31000,0.00000,0.65000,-0.58000,105.70000,-101.16000
0.00000,0.00000,0.02000,0.33000,0.00000,0.65000,-0.58000,105.70000,-101.16000
0.00000,0.00000,0.03000,0.47000,0.00000,0.65000,-0.57000,107.36000,-104.44000
0.00000,0.00000,0.05000,1.03000,0.00000,0.65000,-0.56000,107.36000,-104.44000
0.00000,0.00000,0.08000,1.78000,0.00000,0.66000,-0.52000,98.97000,-107.19000
0.01000,0.00000,0.11000,1.81000,-0.03000,0.71000,-0.44000,98.97000,-107.19000
0.01000,0.00000,0.15000,2.23000,0.00000,0.80000,-0.31000,87.14000,-106.64000
0.01000,0.00000,0.19000,1.90000,0.00000,1.03000,-0.03000,87.14000,-106.64000
0.01000,0.00000,0.22000,1.78000,0.00000,1.34000,0.29000,87.89000,-99.71000
0.01000,0.00000,0.24000,1.48000,0.00000,1.64000,0.57000,87.89000,-99.71000
0.02000,0.00000,0.27000,1.45000,0.00000,1.82000,0.72000,98.05000,-91.52000
0.02000,0.00000,0.29000,1.28000,0.00000,1.95000,0.82000,98.05000,-91.52000
0.02000,0.00000,0.33000,1.84000,0.00000,2.03000,0.87000,106.17000,-84.93000
0.02000,0.00000,0.36000,2.04000,0.00000,2.11000,0.91000,106.17000,-84.93000
0.02000,0.00000,0.41000,2.34000,0.00000,2.16000,0.92000,101.27000,-79.04000
0.03000,0.01000,0.45000,2.18000,0.00000,2.19000,0.91000,101.27000,-79.04000
0.03000,0.01000,0.49000,2.43000,0.00000,2.21000,0.91000,100.65000,-73.65000
0.03000,0.01000,0.53000,2.43000,0.00000,2.21000,0.91000,100.65000,-73.65000
0.03000,0.01000,0.57000,2.09000,0.00000,2.21000,0.91000,97.19000,-68.16000
0.04000,0.01000,0.61000,2.20000,0.00000,2.21000,0.92000,97.19000,-68.16000
0.04000,0.01000,0.65000,2.04000,0.00000,2.21000,0.93000,99.19000,-62.48000
0.04000,0.01000,0.69000,2.26000,0.00000,2.20000,0.95000,99.19000,-62.48000
0.04000,0.02000,0.73000,2.37000,0.00000,2.19000,1.01000,98.06000,-55.72000
0.04000,0.02000,0.77000,2.23000,0.00000,2.18000,1.12000,98.06000,-55.72000
0.05000,0.02000,0.81000,2.23000,0.00000,2.20000,1.34000,98.20000,-44.70000
0.05000,0.02000,0.85000,2.20000,0.00000,2.29000,1.75000,98.20000,-44.70000
0.05000,0.02000,0.89000,2.15000,0.00000,2.51000,2.39000,103.07000,-20.96000
0.05000,0.02000,0.93000,2.43000,0.00000,2.88000,2.86000,103.07000,-20.96000
0.05000,0.03000,0.98000,2.43000,0.00000,3.17000,3.16000,111.50000,5.04000
0.05000,0.03000,1.03000,2.79000,0.00000,3.32000,3.32000,111.50000,5.04000
0.06000,0.03000,1.09000,3.18000,0.00000,3.41000,3.41000,114.19000,27.76000
0.06000,0.04000,1.15000,3.37000,0.03000,3.47000,3.47000,114.19000,27.76000
0.06000,0.04000,1.21000,3.43000,0.00000,3.50000,3.50000,110.43000,49.10000
0.06000,0.04000,1.27000,3.32000,0.00000,3.50000,3.50000,110.43000,49.10000
0.06000,0.05000,1.33000,3.26000,0.00000,3.47000,3.47000,111.58000,69.91000
0.06000,0.05000,1.39000,3.26000,0.03000,3.41000,3.41000,111.58000,69.91000
0.06000,0.05000,1.45000,3.43000,0.00000,3.28000,3.28000,110.45000,87.46000
0.06000,0.06000,1.51000,3.54000,0.00000,2.92000,2.94000,110.45000,87.46000
0.06000,0.06000,1.57000,3.32000,0.00000,1.99000,2.36000,87.03000,93.63000
0.06000,0.06000,1.62000,2.54000,0.00000,1.28000,2.19000,87.03000,93.63000
0.06000,0.07000,1.65000,1.90000,0.00000,1.06000,2.18000,78.82000,105.07000
0.06000,0.07000,1.67000,1.12000,0.03000,0.98000,2.19000,78.82000,105.07000
0.06000,0.07000,1.69000,0.78000,0.00000,0.95000,2.20000,89.71000,118.03000
0.06000,0.07000,1.71000,1.17000,0.03000,0.94000,2.21000,89.71000,118.03000
0.06000,0.07000,1.70000,0.95000,1.25000,0.93000,2.21000,87.48000,131.21000
0.06000,0.07000,1.69000,0.89000,1.56000,0.93000,2.21000,87.48000,131.21000
0.06000,0.08000,1.67000,1.53000,2.40000,0.93000,2.21000,90.31000,121.26000
0.06000,0.08000,1.66000,1.90000,2.65000,0.94000,2.20000,90.31000,121.26000
0.06000,0.09000,1.65000,2.26000,2.79000,0.95000,2.20000,75.73000,108.76000
0.06000,0.09000,1.64000,1.95000,2.82000,0.95000,2.20000,75.73000,108.76000
0.06000,0.10000,1.63000,2.01000,2.51000,0.96000,2.20000,69.40000,103.50000
0.06000,0.10000,1.61000,1.53000,2.20000,0.97000,2.20000,69.40000,103.50000
0.06000,0.11000,1.60000,1.39000,2.23000,0.98000,2.19000,69.96000,108.92000
0.06000,0.11000,1.59000,1.39000,2.15000,0.99000,2.19000,69.96000,108.92000
0.06000,0.12000,1.58000,1.45000,1.92000,1.01000,2.19000,69.23000,109.59000
0.06000,0.12000,1.56000,1.51000,2.20000,1.02000,2.18000,69.23000,109.59000
0.06000,0.12000,1.56000,1.45000,1.70000,1.04000,2.18000,65.70000,108.92000
0.06000,0.13000,1.54000,1.25000,2.06000,1.04000,2.18000,65.70000,108.92000
0.06000,0.13000,1.53000,1.14000,1.76000,1.07000,2.18000,67.18000,110.85000
0.06000,0.13000,1.52000,1.23000,1.81000,1.10000,2.18000,67.18000,110.85000
0.06000,0.14000,1.51000,1.31000,1.90000,1.13000,2.18000,67.29000,115.27000
0.06000,0.14000,1.50000,1.20000,2.01000,1.16000,2.18000,67.29000,115.27000
0.06000,0.14000,1.49000,1.17000,1.78000,1.21000,2.18000,68.42000,114.62000
0.06000,0.15000,1.47000,1.20000,2.23000,1.26000,2.19000,68.42000,114.62000
0.06000,0.15000,1.45000,1.28000,2.17000,1.37000,2.20000,70.84000,112.63000
0.06000,0.16000,1.44000,1.48000,2.31000,1.48000,2.23000,70.84000,112.63000
0.06000,0.16000,1.42000,1.51000,2.54000,1.61000,2.25000,71.23000,111.95000
0.06000,0.17000,1.40000,1.37000,2.40000,1.80000,2.30000,71.23000,111.95000
0.06000,0.17000,1.38000,1.39000,2.45000,2.03000,2.37000,79.98000,112.16000
0.06000,0.17000,1.36000,1.53000,2.73000,2.30000,2.47000,79.98000,112.16000
0.07000,0.18000,1.34000,1.62000,2.68000,2.58000,2.64000,89.74000,110.92000
0.07000,0.18000,1.32000,1.92000,2.90000,2.76000,2.80000,89.74000,110.92000
0.07000,0.19000,1.30000,2.09000,3.12000,2.90000,2.92000,94.93000,112.08000
0.07000,0.20000,1.29000,2.43000,3.23000,3.01000,3.03000,94.93000,112.08000
0.07000,0.20000,1.28000,2.59000,3.07000,3.08000,3.09000,96.04000,109.79000
0.07000,0.21000,1.27000,2.56000,2.87000,3.11000,3.12000,96.04000,109.79000
0.08000,0.21000,1.27000,2.54000,2.93000,3.11000,3.12000,98.38000,114.84000
0.08000,0.22000,1.26000,2.68000,3.01000,3.13000,3.14000,98.38000,114.84000
0.08000,0.23000,1.25000,2.76000,3.12000,3.14000,3.14000,100.35000,114.58000
0.08000,0.23000,1.25000,2.81000,3.32000,3.15000,3.15000,100.35000,114.58000
0.08000,0.24000,1.24000,2.79000,3.29000,3.17000,3.17000,101.49000,111.23000
0.09000,0.25000,1.23000,3.01000,3.26000,3.19000,3.19000,101.49000,111.23000
0.09000,0.25000,1.23000,3.01000,3.15000,3.18000,3.19000,100.91000,111.42000
0.09000,0.26000,1.23000,3.09000,3.23000,3.17000,3.17000,100.91000,111.42000
0.09000,0.27000,1.22000,3.09000,3.29000,3.15000,3.16000,100.21000,110.94000
0.10000,0.27000,1.22000,3.18000,3.32000,3.14000,3.14000,100.21000,110.94000
0.10000,0.28000,1.21000,2.90000,3.32000,3.11000,3.12000,98.74000,108.69000
0.10000,0.29000,1.21000,2.90000,2.98000,3.12000,3.13000,98.74000,108.69000
0.10000,0.29000,1.21000,3.09000,3.07000,3.09000,3.10000,102.25000,112.26000
0.10000,0.30000,1.21000,2.98000,3.04000,3.05000,3.06000,102.25000,112.26000
0.11000,0.30000,1.21000,2.93000,3.04000,3.00000,3.02000,100.79000,110.85000
0.11000,0.31000,1.21000,2.90000,3.07000,2.96000,2.98000,100.79000,110.85000
0.11000,0.32000,1.21000,3.01000,2.95000,2.92000,2.94000,100.99000,109.19000
0.11000,0.32000,1.21000,2.98000,2.87000,2.84000,2.87000,100.99000,109.19000
0.12000,0.33000,1.21000,3.04000,2.82000,2.73000,2.77000,96.99000,108.75000
0.12000,0.34000,1.22000,3.01000,2.90000,2.58000,2.63000,96.99000,108.75000
0.12000,0.34000,1.21000,3.01000,3.07000,2.41000,2.52000,90.22000,103.95000
0.12000,0.35000,1.22000,2.93000,2.90000,2.23000,2.45000,90.22000,103.95000
0.13000,0.35000,1.22000,2.90000,2.79000,2.04000,2.38000,82.32000,99.58000
0.13000,0.36000,1.22000,2.34000,2.43000,1.84000,2.32000,82.32000,99.58000
0.13000,0.36000,1.21000,2.31000,2.65000,1.72000,2.28000,80.95000,102.11000
0.13000,0.37000,1.20000,2.09000,2.43000,1.66000,2.26000,80.95000,102.11000
0.13000,0.37000,1.20000,1.98000,2.23000,1.60000,2.25000,79.26000,100.79000
0.13000,0.38000,1.19000,1.62000,2.09000,1.54000,2.24000,79.26000,100.79000
0.14000,0.38000,1.19000,1.70000,1.78000,1.54000,2.24000,82.47000,104.54000
0.14000,0.38000,1.18000,1.51000,1.84000,1.47000,2.22000,82.47000,104.54000
0.14000,0.39000,1.18000,1.70000,1.76000,1.44000,2.22000,82.21000,108.88000
0.14000,0.39000,1.17000,1.65000,2.17000,1.37000,2.20000,82.21000,108.88000
0.14000,0.40000,1.17000,1.64000,2.03000,1.36000,2.20000,78.50000,105.89000
0.14000,0.40000,1.16000,1.70000,2.23000,1.33000,2.20000,78.50000,105.89000
0.15000,0.40000,1.14000,1.45000,2.06000,1.32000,2.19000,75.30000,105.09000
0.15000,0.41000,1.13000,1.62000,2.17000,1.32000,2.19000,75.30000,105.09000
0.15000,0.41000,1.12000,1.20000,2.17000,1.31000,2.19000,74.09000,105.68000
0.15000,0.41000,1.11000,1.25000,1.90000,1.36000,2.20000,74.09000,105.68000
0.15000,0.42000,1.09000,1.39000,2.06000,1.37000,2.20000,78.62000,110.13000
0.15000,0.42000,1.08000,1.06000,1.78000,1.37000,2.20000,78.62000,110.13000
0.16000,0.42000,1.07000,1.39000,2.12000,1.40000,2.21000,82.77000,113.75000
0.16000,0.43000,1.05000,1.37000,2.29000,1.41000,2.21000,82.77000,113.75000
0.16000,0.43000,1.03000,1.34000,2.45000,1.45000,2.22000,80.87000,108.90000
0.16000,0.43000,1.02000,1.70000,2.40000,1.51000,2.23000,80.87000,108.90000
0.16000,0.44000,1.00000,1.64000,2.51000,1.48000,2.22000,76.85000,106.92000
0.17000,0.44000,0.99000,1.73000,2.62000,1.47000,2.22000,76.85000,106.92000
0.17000,0.45000,0.97000,1.62000,2.73000,1.46000,2.22000,74.75000,102.47000
0.17000,0.45000,0.95000,1.48000,2.48000,1.47000,2.22000,74.75000,102.47000
0.17000,0.45000,0.94000,1.70000,2.26000,1.47000,2.22000,77.13000,102.21000
0.18000,0.46000,0.93000,1.73000,2.26000,1.39000,2.21000,77.13000,102.21000
0.18000,0.46000,0.92000,1.70000,2.15000,1.31000,2.19000,70.84000,103.53000
0.18000,0.46000,0.90000,1.17000,2.23000,1.23000,2.18000,70.84000,103.53000
0.18000,0.47000,0.88000,1.31000,2.17000,1.22000,2.18000,75.39000,103.43000
0.19000,0.47000,0.87000,0.92000,1.87000,1.19000,2.18000,75.39000,103.43000
0.19000,0.47000,0.85000,0.70000,1.87000,1.18000,2.18000,78.90000,108.53000
0.19000,0.47000,0.83000,0.92000,1.62000,1.20000,2.18000,78.90000,108.53000
0.19000,0.48000,0.82000,1.34000,2.04000,1.18000,2.18000,80.40000,114.17000
0.20000,0.48000,0.80000,1.42000,2.34000,1.12000,2.18000,80.40000,114.17000
0.20000,0.48000,0.79000,1.53000,2.54000,1.07000,2.18000,72.85000,106.67000
0.20000,0.49000,0.77000,1.64000,2.59000,1.02000,2.18000,72.85000,106.67000
0.21000,0.49000,0.75000,1.62000,2.54000,0.98000,2.19000,65.95000,102.14000
0.21000,0.49000,0.73000,1.23000,2.37000,0.94000,2.20000,65.95000,102.14000
0.21000,0.49000,0.71000,0.98000,2.31000,0.92000,2.21000,67.44000,103.34000
0.21000,0.50000,0.69000,0.92000,2.06000,0.92000,2.21000,67.44000,103.34000
0.22000,0.50000,0.66000,0.75000,2.31000,0.91000,2.21000,70.04000,107.04000
0.22000,0.50000,0.64000,1.12000,2.37000,0.91000,2.21000,70.04000,107.04000
0.22000,0.50000,0.61000,0.64000,2.01000,0.91000,2.21000,67.03000,103.29000
0.22000,0.50000,0.58000,0.39000,2.01000,0.91000,2.19000,67.03000,103.29000
0.23000,0.51000,0.57000,0.53000,1.48000,2.19000,0.99000,95.87000,89.52000
0.23000,0.51000,0.57000,1.48000,1.37000,2.20000,0.96000,95.87000,89.52000
0.23000,0.51000,0.58000,2.04000,1.12000,2.20000,0.96000,90.45000,92.61000
0.23000,0.51000,0.60000,1.90000,1.17000,2.19000,0.98000,90.45000,92.61000
0.24000,0.51000,0.60000,1.81000,1.70000,2.19000,1.00000,88.38000,93.69000
0.24000,0.52000,0.61000,1.90000,1.53000,2.19000,1.00000,88.38000,93.69000
0.24000,0.52000,0.61000,1.84000,1.87000,2.19000,1.01000,90.12000,87.30000
0.25000,0.52000,0.62000,2.12000,1.51000,2.19000,1.00000,90.12000,87.30000
0.25000,0.52000,0.63000,2.06000,1.56000,2.19000,1.01000,88.49000,84.65000
0.25000,0.53000,0.63000,2.15000,1.76000,2.18000,1.02000,88.49000,84.65000
0.26000,0.53000,0.63000,1.70000,1.81000,2.18000,1.03000,88.41000,78.23000
0.26000,0.53000,0.64000,1.95000,1.45000,2.18000,1.02000,88.41000,78.23000
0.26000,0.53000,0.65000,1.59000,1.00000,2.18000,1.03000,91.55000,78.50000
0.27000,0.53000,0.66000,1.76000,1.03000,2.18000,1.06000,91.55000,78.50000
0.27000,0.54000,0.67000,1.67000,1.14000,2.18000,1.09000,95.81000,83.11000
0.27000,0.54000,0.68000,1.81000,1.39000,2.18000,1.11000,95.81000,83.11000
0.27000,0.54000,0.68000,1.78000,1.64000,2.18000,1.13000,97.48000,78.65000
0.28000,0.54000,0.69000,2.04000,1.42000,2.18000,1.13000,97.48000,78.65000
0.28000,0.55000,0.71000,1.95000,1.20000,2.18000,1.16000,96.36000,77.16000
0.28000,0.55000,0.73000,2.26000,1.20000,2.18000,1.22000,96.36000,77.16000
0.29000,0.55000,0.75000,2.20000,1.14000,2.20000,1.33000,94.12000,81.39000
0.29000,0.55000,0.76000,2.06000,1.06000,2.22000,1.47000,94.12000,81.39000
0.29000,0.56000,0.78000,2.23000,1.23000,2.26000,1.64000,97.66000,88.99000
0.29000,0.56000,0.80000,2.34000,1.42000,2.32000,1.86000,97.66000,88.99000
0.30000,0.56000,0.82000,2.40000,1.25000,2.39000,2.07000,96.61000,93.51000
0.30000,0.56000,0.83000,2.45000,1.84000,2.51000,2.40000,96.61000,93.51000
0.30000,0.57000,0.84000,2.34000,1.70000,2.59000,2.52000,98.18000,97.89000
0.31000,0.57000,0.85000,2.29000,2.04000,2.68000,2.63000,98.18000,97.89000
0.31000,0.58000,0.86000,2.73000,1.95000,2.70000,2.65000,103.13000,100.98000
0.31000,0.58000,0.88000,2.90000,2.04000,2.81000,2.78000,103.13000,100.98000
0.32000,0.58000,0.89000,3.01000,2.09000,2.92000,2.90000,99.73000,108.39000
0.32000,0.59000,0.91000,3.20000,2.42000,3.02000,3.01000,99.73000,108.39000
0.32000,0.59000,0.92000,3.04000,2.59000,3.09000,3.08000,97.83000,110.46000
0.33000,0.60000,0.92000,2.98000,2.84000,3.12000,3.11000,97.83000,110.46000
0.33000,0.60000,0.92000,2.68000,2.54000,3.11000,3.10000,100.76000,108.42000
0.34000,0.61000,0.92000,2.87000,2.70000,3.10000,3.10000,100.76000,108.42000
0.34000,0.61000,0.93000,3.01000,2.62000,3.10000,3.09000,103.07000,111.92000
0.34000,0.62000,0.94000,3.09000,2.62000,3.12000,3.11000,103.07000,111.92000
0.35000,0.62000,0.95000,3.23000,2.84000,3.15000,3.14000,101.78000,116.22000
0.35000,0.63000,0.95000,3.32000,3.09000,3.16000,3.16000,101.78000,116.22000
0.36000,0.64000,0.95000,3.23000,3.12000,3.16000,3.16000,98.98000,112.47000
0.36000,0.64000,0.96000,3.32000,3.04000,3.15000,3.14000,98.98000,112.47000
0.36000,0.65000,0.96000,3.43000,3.29000,3.15000,3.15000,97.91000,113.53000
0.37000,0.65000,0.96000,3.43000,3.34000,3.14000,3.13000,97.91000,113.53000
0.37000,0.66000,0.96000,3.48000,3.34000,3.12000,3.11000,94.77000,109.08000
0.38000,0.67000,0.97000,3.18000,2.90000,3.10000,3.10000,94.77000,109.08000
0.38000,0.67000,0.97000,3.04000,3.07000,3.11000,3.10000,96.48000,114.16000
0.38000,0.68000,0.97000,2.90000,2.93000,3.07000,3.06000,96.48000,114.16000
0.39000,0.68000,0.97000,2.84000,2.87000,3.04000,3.03000,99.21000,113.86000
0.39000,0.69000,0.97000,2.90000,2.90000,3.00000,2.99000,99.21000,113.86000
0.40000,0.69000,0.97000,3.07000,3.12000,2.96000,2.94000,98.89000,113.64000
0.40000,0.70000,0.97000,3.07000,3.07000,2.91000,2.88000,98.89000,113.64000
0.40000,0.70000,0.97000,3.07000,3.09000,2.85000,2.83000,95.12000,109.62000
0.41000,0.71000,0.96000,2.93000,2.98000,2.79000,2.75000,95.12000,109.62000
0.41000,0.72000,0.96000,2.82000,2.90000,2.71000,2.67000,93.83000,107.08000
0.42000,0.72000,0.96000,2.76000,2.90000,2.63000,2.57000,93.83000,107.08000
0.42000,0.73000,0.96000,2.54000,2.82000,2.53000,2.45000,92.35000,103.11000
0.42000,0.73000,0.96000,2.68000,2.65000,2.45000,2.23000,92.35000,103.11000
0.43000,0.74000,0.96000,2.65000,2.68000,2.41000,2.12000,90.37000,99.27000
0.43000,0.74000,0.96000,2.48000,2.40000,2.36000,1.99000,90.37000,99.27000
0.43000,0.74000,0.97000,2.57000,2.06000,2.34000,1.91000,90.63000,96.68000
0.43000,0.75000,0.97000,2.40000,2.12000,2.35000,1.95000,90.63000,96.68000
0.44000,0.75000,0.97000,2.15000,2.17000,2.34000,1.92000,91.09000,98.14000
0.44000,0.76000,0.97000,2.04000,2.20000,2.31000,1.82000,91.09000,98.14000
0.44000,0.76000,0.97000,1.84000,1.87000,2.27000,1.68000,95.16000,92.15000
0.44000,0.76000,0.97000,2.18000,1.90000,2.25000,1.60000,95.16000,92.15000
0.45000,0.77000,0.99000,2.26000,1.51000,2.25000,1.58000,94.08000,92.11000
0.45000,0.77000,0.99000,2.23000,1.73000,2.27000,1.67000,94.08000,92.11000
0.45000,0.77000,1.01000,2.23000,1.59000,2.28000,1.70000,94.16000,94.56000
0.45000,0.78000,1.01000,2.23000,1.87000,2.30000,1.77000,94.16000,94.56000
0.46000,0.78000,1.02000,2.12000,1.76000,2.30000,1.77000,94.70000,93.26000
0.46000,0.79000,1.03000,2.31000,1.90000,2.29000,1.76000,94.70000,93.26000
0.46000,0.79000,1.03000,2.23000,1.87000,2.29000,1.76000,93.82000,92.19000
0.46000,0.79000,1.04000,2.31000,2.06000,2.29000,1.75000,93.82000,92.19000
0.47000,0.80000,1.05000,2.43000,2.01000,2.28000,1.70000,93.44000,87.95000
0.47000,0.80000,1.06000,2.54000,1.90000,2.27000,1.69000,93.44000,87.95000
0.47000,0.81000,1.07000,2.40000,1.73000,2.28000,1.73000,89.98000,88.65000
0.47000,0.81000,1.08000,2.40000,1.95000,2.30000,1.78000,89.98000,88.65000
0.48000,0.81000,1.08000,2.09000,1.87000,2.30000,1.77000,90.72000,87.41000
0.48000,0.82000,1.09000,2.37000,1.98000,2.28000,1.71000,90.72000,87.41000
0.48000,0.82000,1.09000,2.31000,1.98000,2.27000,1.68000,90.15000,84.54000
0.48000,0.83000,1.11000,2.20000,1.53000,2.26000,1.63000,90.15000,84.54000
0.48000,0.83000,1.12000,2.04000,1.39000,2.27000,1.68000,92.06000,89.41000
0.49000,0.83000,1.13000,2.01000,1.48000,2.28000,1.72000,92.06000,89.41000
0.49000,0.84000,1.15000,1.98000,0.78000,2.29000,1.74000,95.67000,92.10000
0.49000,0.84000,1.16000,1.92000,1.31000,2.36000,1.97000,95.67000,92.10000
0.49000,0.84000,1.17000,2.26000,1.48000,2.37000,2.03000,99.90000,100.44000
0.49000,0.85000,1.19000,2.31000,1.67000,2.41000,2.12000,99.90000,100.44000
0.49000,0.85000,1.19000,2.48000,2.12000,2.42000,2.15000,97.41000,101.17000
0.50000,0.86000,1.21000,2.73000,2.06000,2.39000,2.07000,97.41000,101.17000
0.50000,0.86000,1.22000,2.84000,2.12000,2.39000,2.06000,91.28000,96.82000
0.50000,0.87000,1.23000,2.62000,2.09000,2.38000,2.05000,91.28000,96.82000
0.50000,0.87000,1.23000,2.48000,2.29000,2.36000,1.99000,90.55000,95.40000
0.50000,0.88000,1.23000,2.37000,2.23000,2.31000,1.83000,90.55000,95.40000
0.50000,0.88000,1.24000,2.34000,1.90000,2.27000,1.66000,91.33000,87.80000
0.51000,0.89000,1.25000,2.31000,1.87000,2.25000,1.59000,91.33000,87.80000
0.51000,0.89000,1.27000,2.45000,1.56000,2.23000,1.51000,91.00000,87.55000
0.51000,0.90000,1.28000,2.45000,1.70000,2.23000,1.52000,91.00000,87.55000
0.51000,0.90000,1.30000,2.43000,1.48000,2.23000,1.50000,88.36000,87.67000
0.51000,0.90000,1.31000,2.34000,1.81000,2.23000,1.51000,88.36000,87.67000
0.51000,0.91000,1.32000,2.04000,1.53000,2.21000,1.43000,88.48000,83.74000
0.51000,0.91000,1.32000,1.70000,1.59000,2.20000,1.36000,88.48000,83.74000
0.51000,0.92000,1.32000,1.76000,1.39000,2.19000,1.26000,96.91000,82.30000
0.52000,0.92000,1.34000,1.95000,0.95000,2.18000,1.21000,96.91000,82.30000
0.52000,0.92000,1.36000,2.04000,1.25000,2.18000,1.22000,96.02000,89.32000
0.52000,0.93000,1.37000,2.31000,1.70000,2.18000,1.20000,96.02000,89.32000
0.52000,0.93000,1.38000,2.43000,1.51000,2.18000,1.13000,91.88000,78.35000
0.52000,0.93000,1.40000,2.40000,1.48000,2.18000,1.10000,91.88000,78.35000
0.52000,0.94000,1.42000,2.12000,1.31000,2.18000,1.06000,89.85000,77.27000
0.52000,0.94000,1.43000,2.12000,1.20000,2.18000,1.03000,89.85000,77.27000
0.52000,0.95000,1.44000,1.78000,1.14000,2.19000,1.01000,92.81000,78.15000
0.52000,0.95000,1.47000,1.81000,0.61000,2.19000,0.98000,92.81000,78.15000
0.52000,0.95000,1.48000,1.62000,0.84000,2.19000,0.98000,97.90000,85.40000
0.52000,0.95000,1.49000,2.09000,1.39000,2.20000,0.97000,97.90000,85.40000
0.52000,0.96000,1.51000,2.31000,1.28000,2.20000,0.94000,96.19000,75.31000
0.52000,0.96000,1.54000,2.37000,0.78000,2.21000,0.93000,96.19000,75.31000
0.52000,0.97000,1.56000,2.29000,0.95000,2.21000,0.92000,92.80000,81.48000
0.52000,0.97000,1.58000,2.15000,1.34000,2.21000,0.92000,92.80000,81.48000
0.52000,0.97000,1.59000,2.15000,1.51000,2.21000,0.91000,95.23000,73.80000
0.52000,0.98000,1.60000,1.92000,1.25000,2.21000,0.91000,95.23000,73.80000
0.52000,0.98000,1.62000,2.09000,0.86000,2.19000,0.91000,98.58000,72.54000
0.52000,0.98000,1.66000,2.04000,0.11000,2.12000,0.91000,98.58000,72.54000
0.52000,0.99000,1.69000,1.98000,0.00000,-1.80000,-2.30000,38.71000,39.37000
0.52000,0.99000,1.70000,0.42000,0.00000,-2.43000,-2.53000,38.71000,39.37000
0.52000,0.99000,1.70000,0.00000,0.00000,-2.54000,-2.61000,28.77000,22.03000
0.52000,0.99000,1.70000,0.00000,0.00000,-2.54000,-2.61000,28.77000,22.03000
0.52000,0.99000,1.70000,0.00000,0.00000,-2.54000,-2.61000,17.27000,6.40000
0.52000,0.99000,1.70000,0.00000,0.00000,-2.54000,-2.61000,17.27000,6.40000
0.52000,0.99000,1.70000,0.00000,0.00000,-2.54000,-2.61000,2.00000,-9.24000
0.52000,0.99000,1.70000,0.00000,0.00000,-2.54000,-2.61000,2.00000,-9.24000
0.52000,0.99000,1.70000,0.00000,0.00000,-2.54000,-2.61000,-13.26000,-24.87000
0.52000,0.99000,1.70000,0.00000,-0.06000,-2.54000,-2.61000,-13.26000,-24.87000
0.52000,0.99000,1.70000,0.00000,0.00000,-2.56000,-2.62000,-28.72000,-39.82000
0.52000,0.99000,1.70000,0.00000,0.00000,-2.56000,-2.62000,-28.72000,-39.82000
0.52000,0.99000,1.70000,0.00000,0.00000,-2.56000,-2.62000,-44.06000,-56.02000
0.52000,0.99000,1.70000,-0.06000,0.00000,-2.56000,-2.62000,-44.06000,-56.02000
0.52000,0.99000,1.70000,-0.03000,0.00000,-2.54000,-2.60000,-58.36000,-71.55000
0.52000,0.99000,1.70000,-0.08000,0.00000,-2.54000,-2.60000,-58.36000,-71.55000
0.52000,0.99000,1.70000,-0.06000,0.00000,-2.52000,-2.58000,-72.46000,-86.83000
0.52000,0.99000,1.70000,0.00000,0.00000,-2.50000,-2.57000,-72.46000,-86.83000
0.52000,0.99000,1.70000,-0.03000,0.00000,-2.50000,-2.57000,-88.10000,-102.15000
0.52000,0.99000,1.70000,0.00000,-0.03000,-2.49000,-2.56000,-88.10000,-102.15000
0.52000,0.99000,1.70000,0.00000,0.00000,-2.50000,-2.57000,-103.10000,-117.15000
0.52000,0.99000,1.70000,-0.03000,0.00000,-2.50000,-2.57000,-103.10000,-117.15000
0.52000,0.99000,1.69000,-0.28000,0.00000,-2.49000,-2.56000,-117.59000,-132.73000
0.52000,0.98000,1.69000,-0.75000,-0.39000,-2.41000,-2.52000,-117.59000,-132.73000
0.52000,0.98000,1.70000,-2.03000,-2.54000,-2.27000,-2.46000,-118.20000,-140.76000
0.52000,0.97000,1.70000,-2.95000,-2.95000,-2.38000,-2.51000,-118.20000,-140.76000
0.52000,0.96000,1.70000,-3.43000,-3.65000,-2.31000,-2.48000,-94.86000,-114.96000
0.53000,0.96000,1.71000,-3.01000,-3.43000,-2.30000,-2.47000,-94.86000,-114.96000
0.53000,0.95000,1.72000,-2.45000,-2.93000,-2.35000,-2.49000,-90.77000,-105.23000
0.53000,0.95000,1.73000,-2.31000,-2.95000,-2.44000,-2.53000,-90.77000,-105.23000
0.53000,0.94000,1.73000,-2.87000,-2.79000,-2.55000,-2.61000,-100.30000,-108.52000
0.53000,0.93000,1.73000,-2.23000,-2.31000,-2.48000,-2.55000,-100.30000,-108.52000
0.53000,0.93000,1.73000,-2.40000,-2.29000,-2.46000,-2.54000,-101.53000,-114.93000
0.53000,0.92000,1.73000,-2.29000,-2.43000,-2.36000,-2.50000,-101.53000,-114.93000
0.53000,0.92000,1.73000,-2.40000,-2.43000,-2.34000,-2.49000,-100.27000,-113.88000
0.53000,0.91000,1.73000,-2.45000,-2.68000,-2.28000,-2.47000,-100.27000,-113.88000
0.53000,0.91000,1.74000,-2.48000,-2.90000,-2.28000,-2.47000,-97.26000,-110.19000
0.53000,0.90000,1.75000,-2.51000,-3.01000,-2.35000,-2.49000,-97.26000,-110.19000
0.54000,0.89000,1.76000,-2.43000,-2.87000,-2.43000,-2.53000,-97.66000,-104.80000
0.54000,0.89000,1.76000,-2.26000,-2.65000,-2.50000,-2.57000,-97.66000,-104.80000
0.54000,0.88000,1.77000,-2.29000,-2.48000,-2.54000,-2.60000,-102.56000,-108.46000
0.54000,0.88000,1.77000,-2.54000,-2.87000,-2.54000,-2.60000,-102.56000,-108.46000
0.54000,0.87000,1.78000,-2.65000,-2.76000,-2.56000,-2.62000,-100.39000,-105.10000
0.54000,0.87000,1.78000,-2.56000,-2.76000,-2.53000,-2.59000,-100.39000,-105.10000
0.54000,0.86000,1.79000,-2.59000,-2.90000,-2.52000,-2.59000,-99.52000,-104.76000
0.54000,0.86000,1.80000,-2.12000,-2.73000,-2.53000,-2.60000,-99.52000,-104.76000
0.54000,0.85000,1.80000,-2.57000,-2.68000,-2.62000,-2.67000,-107.49000,-105.45000
0.55000,0.84000,1.79000,-2.62000,-2.31000,-2.60000,-2.65000,-107.49000,-105.45000
0.55000,0.84000,1.79000,-2.59000,-2.40000,-2.47000,-2.54000,-100.67000,-109.42000
0.55000,0.83000,1.79000,-2.76000,-2.79000,-2.32000,-2.48000,-100.67000,-109.42000
0.55000,0.83000,1.79000,-2.65000,-2.73000,-2.24000,-2.45000,-94.24000,-102.31000
0.55000,0.82000,1.79000,-2.40000,-2.31000,-2.18000,-2.43000,-94.24000,-102.31000
0.55000,0.82000,1.79000,-2.23000,-2.43000,-2.07000,-2.39000,-94.00000,-106.47000
0.55000,0.81000,1.79000,-2.43000,-2.48000,-2.05000,-2.38000,-94.00000,-106.47000
0.55000,0.81000,1.80000,-2.15000,-2.43000,-1.99000,-2.36000,-90.38000,-104.01000
0.56000,0.80000,1.81000,-2.20000,-2.59000,-1.99000,-2.36000,-90.38000,-104.01000
0.56000,0.80000,1.81000,-2.34000,-2.79000,-2.03000,-2.37000,-91.66000,-101.80000
0.56000,0.79000,1.82000,-1.90000,-2.26000,-2.07000,-2.39000,-91.66000,-101.80000
0.56000,0.79000,1.82000,-2.23000,-2.40000,-2.11000,-2.40000,-96.43000,-105.94000
0.56000,0.78000,1.83000,-2.12000,-2.54000,-2.07000,-2.39000,-96.43000,-105.94000
0.56000,0.78000,1.83000,-2.20000,-2.26000,-2.12000,-2.41000,-94.50000,-102.68000
0.56000,0.77000,1.84000,-2.43000,-2.70000,-2.05000,-2.38000,-94.50000,-102.68000
0.56000,0.77000,1.84000,-2.12000,-2.45000,-2.04000,-2.38000,-88.69000,-98.96000
0.57000,0.76000,1.85000,-2.01000,-2.12000,-2.05000,-2.38000,-88.69000,-98.96000
0.57000,0.76000,1.85000,-2.09000,-2.15000,-2.00000,-2.37000,-92.14000,-105.63000
0.57000,0.75000,1.85000,-1.95000,-2.06000,-1.94000,-2.35000,-92.14000,-105.63000
0.57000,0.75000,1.85000,-2.09000,-2.09000,-1.90000,-2.33000,-91.34000,-107.46000
0.57000,0.74000,1.86000,-1.90000,-2.26000,-1.82000,-2.31000,-91.34000,-107.46000
0.57000,0.74000,1.86000,-1.92000,-2.09000,-1.84000,-2.32000,-90.93000,-105.88000
0.57000,0.73000,1.87000,-1.64000,-2.29000,-1.80000,-2.31000,-90.93000,-105.88000
0.57000,0.73000,1.88000,-2.01000,-2.40000,-1.90000,-2.33000,-95.29000,-106.09000
0.58000,0.73000,1.88000,-1.90000,-2.17000,-1.92000,-2.34000,-95.29000,-106.09000
0.58000,0.72000,1.89000,-2.23000,-2.62000,-1.91000,-2.34000,-93.26000,-108.13000
0.58000,0.72000,1.90000,-2.06000,-2.56000,-1.92000,-2.34000,-93.26000,-108.13000
0.58000,0.71000,1.90000,-2.06000,-2.34000,-1.96000,-2.35000,-91.60000,-103.50000
0.58000,0.71000,1.91000,-2.26000,-2.59000,-1.94000,-2.35000,-91.60000,-103.50000
0.58000,0.70000,1.92000,-1.98000,-2.51000,-1.93000,-2.34000,-87.59000,-101.66000
0.59000,0.70000,1.92000,-1.95000,-2.29000,-1.98000,-2.36000,-87.59000,-101.66000
0.59000,0.69000,1.94000,-1.56000,-2.34000,-1.98000,-2.36000,-90.91000,-104.99000
0.59000,0.69000,1.95000,-1.95000,-2.59000,-2.11000,-2.41000,-90.91000,-104.99000
0.59000,0.68000,1.96000,-1.73000,-2.43000,-2.20000,-2.44000,-94.44000,-102.01000
0.59000,0.68000,1.97000,-2.03000,-2.59000,-2.32000,-2.48000,-94.44000,-102.01000
0.60000,0.67000,1.98000,-2.31000,-2.54000,-2.38000,-2.50000,-97.31000,-102.08000
0.60000,0.67000,1.97000,-2.48000,-2.12000,-2.31000,-2.48000,-97.31000,-102.08000
0.60000,0.66000,1.97000,-2.54000,-2.40000,-2.07000,-2.39000,-88.05000,-106.93000
0.60000,0.66000,1.98000,-2.01000,-2.45000,-1.90000,-2.33000,-88.05000,-106.93000
0.60000,0.65000,1.98000,-1.98000,-2.40000,-1.90000,-2.33000,-90.15000,-102.73000
0.61000,0.65000,2.00000,-1.73000,-2.40000,-1.89000,-2.33000,-90.15000,-102.73000
0.61000,0.65000,2.01000,-1.92000,-2.43000,-1.97000,-2.36000,-94.68000,-103.16000
0.61000,0.64000,2.02000,-1.31000,-1.98000,-1.98000,-2.36000,-94.68000,-103.16000
0.61000,0.64000,2.02000,-2.12000,-2.54000,-2.08000,-2.39000,-104.11000,-109.75000
0.61000,0.63000,2.03000,-2.06000,-2.31000,-2.06000,-2.39000,-104.11000,-109.75000
0.62000,0.63000,2.03000,-2.51000,-2.73000,-1.99000,-2.36000,-96.15000,-106.79000
0.62000,0.62000,2.04000,-2.65000,-2.98000,-1.89000,-2.33000,-96.15000,-106.79000
0.62000,0.62000,2.05000,-2.45000,-2.95000,-1.80000,-2.31000,-84.07000,-96.17000
0.62000,0.61000,2.06000,-2.29000,-2.70000,-1.76000,-2.29000,-84.07000,-96.17000
0.63000,0.61000,2.06000,-2.09000,-2.54000,-1.70000,-2.28000,-82.97000,-95.88000
0.63000,0.60000,2.08000,-1.67000,-2.34000,-1.66000,-2.27000,-82.97000,-95.88000
0.63000,0.60000,2.09000,-1.64000,-2.34000,-1.69000,-2.27000,-88.47000,-98.70000
0.63000,0.60000,2.09000,-1.62000,-1.92000,-1.72000,-2.28000,-88.47000,-98.70000
0.63000,0.59000,2.10000,-1.67000,-2.15000,-1.67000,-2.27000,-89.17000,-104.50000
0.64000,0.59000,2.10000,-1.90000,-1.98000,-1.65000,-2.26000,-89.17000,-104.50000
0.64000,0.58000,2.11000,-1.78000,-2.29000,-1.54000,-2.24000,-83.35000,-105.25000
0.64000,0.58000,2.12000,-1.84000,-2.17000,-1.51000,-2.23000,-83.35000,-105.25000
0.64000,0.58000,2.13000,-1.53000,-2.15000,-1.45000,-2.22000,-80.69000,-103.59000
0.65000,0.57000,2.14000,-1.64000,-2.12000,-1.44000,-2.22000,-80.69000,-103.59000
0.65000,0.57000,2.15000,-1.28000,-1.78000,-1.41000,-2.21000,-80.64000,-104.56000
0.65000,0.57000,2.16000,-1.34000,-1.95000,-1.40000,-2.21000,-80.64000,-104.56000
0.65000,0.56000,2.17000,-1.14000,-1.67000,-1.39000,-2.21000,-83.56000,-107.57000
0.65000,0.56000,2.18000,-1.25000,-2.04000,-1.39000,-2.21000,-83.56000,-107.57000
0.66000,0.56000,2.19000,-1.34000,-1.92000,-1.40000,-2.21000,-85.30000,-107.87000
0.66000,0.56000,2.20000,-1.51000,-2.06000,-1.39000,-2.21000,-85.30000,-107.87000
0.66000,0.55000,2.21000,-1.73000,-2.15000,-1.35000,-2.20000,-81.67000,-108.36000
0.66000,0.55000,2.23000,-1.28000,-2.09000,-1.29000,-2.19000,-81.67000,-108.36000
0.67000,0.55000,2.25000,-1.06000,-2.37000,-1.28000,-2.19000,-83.08000,-108.59000
0.67000,0.54000,2.26000,-1.25000,-1.95000,-1.35000,-2.20000,-83.08000,-108.59000
0.67000,0.54000,2.28000,-1.14000,-2.06000,-1.33000,-2.20000,-84.16000,-111.38000
0.67000,0.54000,2.30000,-1.23000,-2.34000,-1.34000,-2.20000,-84.16000,-111.38000
0.68000,0.53000,2.31000,-1.62000,-2.37000,-1.35000,-2.20000,-85.42000,-107.06000
0.68000,0.53000,2.33000,-1.51000,-2.45000,-1.30000,-2.19000,-85.42000,-107.06000
0.68000,0.53000,2.34000,-1.70000,-2.17000,-1.26000,-2.19000,-80.65000,-104.34000
0.68000,0.52000,2.35000,-1.37000,-1.92000,-1.18000,-2.18000,-80.65000,-104.34000
0.69000,0.52000,2.36000,-1.34000,-2.09000,-1.13000,-2.18000,-79.25000,-110.53000
0.69000,0.52000,2.37000,-1.48000,-1.87000,-1.09000,-2.18000,-79.25000,-110.53000
0.69000,0.52000,2.39000,-0.89000,-2.09000,-1.04000,-2.18000,-74.76000,-112.96000
0.69000,0.51000,2.42000,-0.84000,-2.37000,-1.03000,-2.18000,-74.76000,-112.96000
0.70000,0.51000,2.44000,-0.98000,-2.43000,-1.03000,-2.18000,-81.61000,-107.32000
0.70000,0.51000,2.46000,-1.09000,-1.95000,-1.02000,-2.18000,-81.61000,-107.32000
0.70000,0.51000,2.48000,-1.03000,-2.23000,-0.99000,-2.19000,-78.42000,-112.60000
0.71000,0.51000,2.50000,-1.31000,-2.45000,-0.97000,-2.20000,-78.42000,-112.60000
0.71000,0.50000,2.53000,-1.17000,-2.59000,-0.94000,-2.20000,-73.79000,-106.72000
0.71000,0.50000,2.57000,-0.03000,-2.56000,-0.93000,-2.21000,-73.79000,-106.72000
0.71000,0.50000,2.62000,-0.03000,-2.68000,-0.93000,-2.21000,-90.60000,-103.61000
0.72000,0.50000,2.66000,-0.28000,-2.26000,-0.93000,-2.21000,-90.60000,-103.61000
0.72000,0.50000,2.69000,-0.36000,-2.15000,-0.93000,-2.21000,-92.21000,-106.08000
0.72000,0.50000,2.72000,-0.78000,-2.26000,-0.92000,-2.21000,-92.21000,-106.08000
0.73000,0.49000,2.73000,-1.48000,-2.34000,-0.91000,-2.21000,-88.37000,-105.87000
0.73000,0.49000,2.75000,-1.62000,-2.45000,-2.21000,-0.91000,-88.37000,-105.87000
0.74000,0.49000,2.76000,-1.76000,-2.57000,-2.21000,-0.91000,-96.10000,-83.10000
0.74000,0.49000,2.75000,-2.29000,-1.67000,-2.21000,-0.91000,-96.10000,-83.10000
0.74000,0.49000,2.74000,-2.31000,-1.73000,-2.21000,-0.91000,-89.61000,-85.56000
0.75000,0.49000,2.73000,-1.87000,-1.12000,-2.21000,-0.91000,-89.61000,-85.56000
0.75000,0.48000,2.72000,-1.73000,-1.39000,-2.21000,-0.91000,-95.45000,-89.33000
0.75000,0.48000,2.72000,-1.34000,-1.39000,-2.21000,-0.91000,-95.45000,-89.33000
0.76000,0.48000,2.72000,-1.42000,-1.12000,-2.21000,-0.91000,-105.45000,-83.91000
0.76000,0.48000,2.70000,-2.01000,-1.34000,-2.21000,-0.91000,-105.45000,-83.91000
0.76000,0.48000,2.69000,-2.12000,-1.37000,-2.21000,-0.91000,-100.67000,-81.84000
0.76000,0.48000,2.66000,-2.04000,-0.56000,-2.21000,-0.91000,-100.67000,-81.84000
0.77000,0.48000,2.63000,-2.09000,0.00000,-2.21000,-0.91000,-101.49000,-90.99000
0.77000,0.47000,2.59000,-2.20000,-0.31000,-2.21000,-0.91000,-101.49000,-90.99000
0.77000,0.47000,2.58000,-2.20000,-1.67000,-2.21000,-0.92000,-100.06000,-97.01000
0.78000,0.47000,2.56000,-2.37000,-1.34000,-2.21000,-0.92000,-100.06000,-97.01000
0.78000,0.47000,2.55000,-2.40000,-1.70000,-2.21000,-0.93000,-97.57000,-85.30000
0.78000,0.46000,2.54000,-2.45000,-1.65000,-2.21000,-0.93000,-97.57000,-85.30000
0.79000,0.46000,2.52000,-2.31000,-1.37000,-2.21000,-0.94000,-95.30000,-78.37000
0.79000,0.46000,2.51000,-2.09000,-1.53000,-2.20000,-0.95000,-95.30000,-78.37000
0.79000,0.46000,2.49000,-2.48000,-1.23000,-2.20000,-0.95000,-99.17000,-76.03000
0.80000,0.46000,2.46000,-2.15000,-0.81000,-2.19000,-0.97000,-99.17000,-76.03000
0.80000,0.45000,2.44000,-2.23000,-1.09000,-2.19000,-1.01000,-98.78000,-84.28000
0.80000,0.45000,2.40000,-2.23000,-0.06000,-2.18000,-1.05000,-98.78000,-84.28000
0.80000,0.45000,2.37000,-1.92000,0.00000,-2.18000,-1.19000,-97.68000,-99.53000
0.80000,0.45000,2.33000,-1.87000,0.00000,-2.21000,-1.43000,-97.68000,-99.53000
0.81000,0.45000,2.31000,-1.37000,0.00000,-2.31000,-1.81000,-104.71000,-116.41000
0.81000,0.45000,2.29000,-1.53000,-0.33000,-2.43000,-2.19000,-104.71000,-116.41000
0.81000,0.44000,2.28000,-1.78000,-1.17000,-2.60000,-2.54000,-116.76000,-133.20000
0.81000,0.44000,2.28000,-2.26000,-2.40000,-2.70000,-2.65000,-116.76000,-133.20000
0.82000,0.43000,2.29000,-2.95000,-3.51000,-2.64000,-2.58000,-112.84000,-116.13000
0.82000,0.43000,2.29000,-3.26000,-3.15000,-2.50000,-2.35000,-112.84000,-116.13000
0.83000,0.42000,2.29000,-3.60000,-3.62000,-2.47000,-2.30000,-97.64000,-101.75000
0.83000,0.42000,2.28000,-3.48000,-3.32000,-2.43000,-2.19000,-97.64000,-101.75000
0.84000,0.41000,2.28000,-3.21000,-3.01000,-2.42000,-2.15000,-88.70000,-91.81000
0.84000,0.41000,2.28000,-2.59000,-2.34000,-2.41000,-2.12000,-88.70000,-91.81000
0.84000,0.40000,2.27000,-2.37000,-1.90000,-2.41000,-2.12000,-95.56000,-99.10000
0.85000,0.40000,2.26000,-2.31000,-1.95000,-2.44000,-2.21000,-95.56000,-99.10000
0.85000,0.40000,2.26000,-2.34000,-2.01000,-2.46000,-2.27000,-99.43000,-105.78000
0.85000,0.39000,2.25000,-2.37000,-2.26000,-2.48000,-2.31000,-99.43000,-105.78000
0.86000,0.39000,2.25000,-2.56000,-2.37000,-2.46000,-2.28000,-99.53000,-103.21000
0.86000,0.38000,2.24000,-3.04000,-2.48000,-2.46000,-2.26000,-99.53000,-103.21000
0.86000,0.38000,2.23000,-2.87000,-2.37000,-2.50000,-2.36000,-90.55000,-101.21000
0.87000,0.37000,2.23000,-2.62000,-2.51000,-2.53000,-2.44000,-90.55000,-101.21000
0.87000,0.37000,2.23000,-2.12000,-2.31000,-2.51000,-2.40000,-93.79000,-100.61000
0.87000,0.37000,2.24000,-2.23000,-2.54000,-2.46000,-2.26000,-93.79000,-100.61000
0.88000,0.36000,2.25000,-2.04000,-2.56000,-2.39000,-2.08000,-97.21000,-94.78000
0.88000,0.36000,2.25000,-2.29000,-2.26000,-2.32000,-1.86000,-97.21000,-94.78000
0.88000,0.35000,2.24000,-2.20000,-2.01000,-2.30000,-1.79000,-96.01000,-91.94000
0.89000,0.35000,2.24000,-2.37000,-2.17000,-2.30000,-1.78000,-96.01000,-91.94000
0.89000,0.35000,2.23000,-2.43000,-1.81000,-2.29000,-1.76000,-94.73000,-89.96000
0.89000,0.34000,2.22000,-2.15000,-1.95000,-2.32000,-1.86000,-94.73000,-89.96000
0.90000,0.34000,2.22000,-2.20000,-1.81000,-2.32000,-1.85000,-97.99000,-92.09000
0.90000,0.34000,2.21000,-2.29000,-1.98000,-2.33000,-1.89000,-97.99000,-92.09000
0.90000,0.33000,2.20000,-2.29000,-1.48000,-2.34000,-1.90000,-97.18000,-91.87000
0.90000,0.33000,2.18000,-2.54000,-1.81000,-2.39000,-2.07000,-97.18000,-91.87000
0.91000,0.32000,2.17000,-2.51000,-1.59000,-2.44000,-2.22000,-95.35000,-98.68000
0.91000,0.32000,2.16000,-2.34000,-1.98000,-2.53000,-2.45000,-95.35000,-98.68000
0.91000,0.32000,2.15000,-2.34000,-1.92000,-2.55000,-2.48000,-99.33000,-102.51000
0.91000,0.31000,2.15000,-2.34000,-2.37000,-2.59000,-2.52000,-99.33000,-102.51000
0.92000,0.31000,2.15000,-2.34000,-2.20000,-2.53000,-2.44000,-100.26000,-99.07000
0.92000,0.30000,2.15000,-2.56000,-2.34000,-2.51000,-2.39000,-100.26000,-99.07000
0.92000,0.30000,2.15000,-2.51000,-2.42000,-2.50000,-2.37000,-97.60000,-98.81000
0.93000,0.29000,2.15000,-2.12000,-2.09000,-2.47000,-2.29000,-97.60000,-98.81000
0.93000,0.29000,2.14000,-2.37000,-2.31000,-2.44000,-2.21000,-103.01000,-100.37000
0.93000,0.29000,2.14000,-2.45000,-2.20000,-2.41000,-2.13000,-103.01000,-100.37000
0.93000,0.28000,2.13000,-2.23000,-1.48000,-2.40000,-2.10000,-99.35000,-97.84000
0.94000,0.28000,2.12000,-2.20000,-1.78000,-2.46000,-2.26000,-99.35000,-97.84000
0.94000,0.27000,2.12000,-2.12000,-2.40000,-2.48000,-2.31000,-103.95000,-106.62000
0.94000,0.27000,2.13000,-2.34000,-2.40000,-2.41000,-2.12000,-103.95000,-106.62000
0.94000,0.26000,2.12000,-2.59000,-2.40000,-2.36000,-1.99000,-101.80000,-95.82000
0.95000,0.26000,2.12000,-2.65000,-2.42000,-2.35000,-1.94000,-101.80000,-95.82000
0.95000,0.25000,2.11000,-2.68000,-2.45000,-2.33000,-1.89000,-96.86000,-91.43000
0.95000,0.25000,2.10000,-2.73000,-2.17000,-2.32000,-1.84000,-96.86000,-91.43000
0.96000,0.25000,2.10000,-2.62000,-2.23000,-2.33000,-1.88000,-93.65000,-91.79000
0.96000,0.24000,2.09000,-2.29000,-1.84000,-2.33000,-1.87000,-93.65000,-91.79000
0.96000,0.24000,2.07000,-2.29000,-1.45000,-2.33000,-1.90000,-98.01000,-95.31000
0.96000,0.23000,2.06000,-2.51000,-1.59000,-2.38000,-2.04000,-98.01000,-95.31000
0.96000,0.23000,2.04000,-2.59000,-1.76000,-2.45000,-2.22000,-96.61000,-104.31000
0.97000,0.22000,2.03000,-2.54000,-2.03000,-2.50000,-2.38000,-96.61000,-104.31000
0.97000,0.22000,2.03000,-2.40000,-2.40000,-2.52000,-2.41000,-96.93000,-104.30000
0.97000,0.22000,2.04000,-2.06000,-2.43000,-2.46000,-2.28000,-96.93000,-104.30000
0.97000,0.21000,2.04000,-2.34000,-2.17000,-2.38000,-2.03000,-101.77000,-94.94000
0.98000,0.21000,2.03000,-2.31000,-2.17000,-2.35000,-1.95000,-101.77000,-94.94000
0.98000,0.20000,2.03000,-2.37000,-2.01000,-2.32000,-1.86000,-99.12000,-93.85000
0.98000,0.20000,2.02000,-2.51000,-1.95000,-2.32000,-1.84000,-99.12000,-93.85000
0.98000,0.19000,2.00000,-2.31000,-1.64000,-2.32000,-1.86000,-96.23000,-95.27000
0.98000,0.19000,2.00000,-2.26000,-1.84000,-2.34000,-1.93000,-96.23000,-95.27000
0.99000,0.18000,1.99000,-2.40000,-2.17000,-2.34000,-1.92000,-99.13000,-97.24000
0.99000,0.18000,1.99000,-2.17000,-2.01000,-2.32000,-1.84000,-99.13000,-97.24000
0.99000,0.18000,1.98000,-2.56000,-2.12000,-2.29000,-1.75000,-100.15000,-92.71000
0.99000,0.17000,1.97000,-2.73000,-1.92000,-2.28000,-1.72000,-100.15000,-92.71000
0.99000,0.17000,1.96000,-2.70000,-2.09000,-2.30000,-1.77000,-92.57000,-92.75000
1.00000,0.16000,1.95000,-2.43000,-1.81000,-2.30000,-1.77000,-92.57000,-92.75000
1.00000,0.16000,1.94000,-2.43000,-2.31000,-2.30000,-1.78000,-94.60000,-93.67000
1.00000,0.15000,1.94000,-2.17000,-1.84000,-2.26000,-1.65000,-94.60000,-93.67000
1.00000,0.15000,1.93000,-2.20000,-1.95000,-2.25000,-1.60000,-96.86000,-90.28000
1.00000,0.14000,1.93000,-2.23000,-1.84000,-2.23000,-1.52000,-96.86000,-90.28000
1.00000,0.14000,1.92000,-1.90000,-1.64000,-2.22000,-1.47000,-96.08000,-86.99000
1.01000,0.14000,1.91000,-1.98000,-1.62000,-2.21000,-1.42000,-96.08000,-86.99000
1.01000,0.13000,1.91000,-1.90000,-1.65000,-2.20000,-1.38000,-99.51000,-86.68000
1.01000,0.13000,1.90000,-2.01000,-1.31000,-2.19000,-1.32000,-99.51000,-86.68000
1.01000,0.13000,1.89000,-1.67000,-1.53000,-2.20000,-1.33000,-100.32000,-89.18000
1.01000,0.12000,1.89000,-1.81000,-1.42000,-2.19000,-1.27000,-100.32000,-89.18000
1.01000,0.12000,1.88000,-1.76000,-1.37000,-2.19000,-1.24000,-104.22000,-86.31000
1.01000,0.12000,1.88000,-1.76000,-1.51000,-2.18000,-1.22000,-104.22000,-86.31000
1.01000,0.11000,1.86000,-1.90000,-1.20000,-2.18000,-1.17000,-107.20000,-82.93000
1.02000,0.11000,1.85000,-2.06000,-1.51000,-2.18000,-1.17000,-107.20000,-82.93000
1.02000,0.10000,1.84000,-2.12000,-1.12000,-2.18000,-1.15000,-105.13000,-80.61000
1.02000,0.10000,1.81000,-2.09000,-0.92000,-2.18000,-1.17000,-105.13000,-80.61000
1.02000,0.10000,1.78000,-2.82000,-1.17000,-2.18000,-1.21000,-105.47000,-88.17000
1.02000,0.09000,1.76000,-2.82000,-1.45000,-2.19000,-1.28000,-105.47000,-88.17000
1.02000,0.09000,1.73000,-2.65000,-1.17000,-2.19000,-1.32000,-95.32000,-83.55000
1.02000,0.08000,1.72000,-2.48000,-1.62000,-2.21000,-1.39000,-95.32000,-83.55000
1.02000,0.08000,1.69000,-2.54000,-1.25000,-2.20000,-1.35000,-96.68000,-80.70000
1.02000,0.08000,1.66000,-2.29000,-0.64000,-2.20000,-1.38000,-96.68000,-80.70000
1.02000,0.07000,1.64000,-2.40000,-1.28000,-2.23000,-1.51000,-98.38000,-96.14000
1.02000,0.07000,1.62000,-2.62000,-1.45000,-2.23000,-1.51000,-98.38000,-96.14000
1.02000,0.06000,1.61000,-2.01000,-1.20000,-2.23000,-1.49000,-92.97000,-88.90000
1.02000,0.06000,1.60000,-2.01000,-1.78000,-2.22000,-1.44000,-92.97000,-88.90000
1.02000,0.06000,1.60000,-1.90000,-1.39000,-2.19000,-1.27000,-99.22000,-80.88000
1.02000,0.05000,1.58000,-1.90000,-0.98000,-2.18000,-1.19000,-99.22000,-80.88000
1.02000,0.05000,1.57000,-2.01000,-1.31000,-2.18000,-1.16000,-101.84000,-88.21000
1.02000,0.05000,1.55000,-2.15000,-1.20000,-2.18000,-1.10000,-101.84000,-88.21000
1.02000,0.04000,1.53000,-2.34000,-1.31000,-2.18000,-1.05000,-99.80000,-84.36000
1.02000,0.04000,1.52000,-2.17000,-1.37000,-2.19000,-1.01000,-99.80000,-84.36000
1.02000,0.03000,1.49000,-2.37000,-1.23000,-2.20000,-0.96000,-99.82000,-79.66000
1.02000,0.03000,1.47000,-2.48000,-0.86000,-2.21000,-0.94000,-99.82000,-79.66000
1.02000,0.03000,1.45000,-2.34000,-1.28000,-2.21000,-0.93000,-95.56000,-84.20000
1.02000,0.02000,1.41000,-2.54000,-0.64000,-2.21000,-0.91000,-95.56000,-84.20000
1.02000,0.02000,1.37000,-2.43000,0.00000,-2.21000,-0.91000,-93.15000,-87.69000
1.02000,0.02000,1.33000,-2.15000,0.00000,-2.21000,-0.91000,-93.15000,-87.69000
1.02000,0.01000,1.29000,-2.20000,0.00000,-3.16000,-3.15000,-111.19000,-132.51000
1.02000,0.01000,1.28000,-2.54000,-2.03000,-3.30000,-3.30000,-111.19000,-132.51000
1.02000,0.00000,1.27000,-3.18000,-2.65000,-3.32000,-3.32000,-113.94000,-123.50000
1.01000,-0.00000,1.26000,-3.46000,-3.04000,-3.34000,-3.34000,-113.94000,-123.50000
1.01000,-0.01000,1.26000,-3.40000,-3.12000,-3.35000,-3.35000,-105.31000,-116.62000
1.01000,-0.02000,1.26000,-3.04000,-3.01000,-3.36000,-3.36000,-105.31000,-116.62000
1.01000,-0.02000,1.26000,-3.57000,-3.46000,-3.36000,-3.35000,-111.00000,-118.96000
1.01000,-0.03000,1.25000,-3.29000,-3.23000,-3.35000,-3.35000,-111.00000,-118.96000
1.00000,-0.04000,1.25000,-3.37000,-3.26000,-3.35000,-3.35000,-109.07000,-117.61000
1.00000,-0.05000,1.25000,-3.43000,-3.29000,-3.35000,-3.35000,-109.07000,-117.61000
1.00000,-0.05000,1.25000,-3.54000,-3.43000,-3.35000,-3.35000,-107.33000,-117.46000
1.00000,-0.06000,1.25000,-3.48000,-3.46000,-3.35000,-3.35000,-107.33000,-117.46000
0.99000,-0.07000,1.25000,-3.46000,-3.59000,-3.34000,-3.34000,-105.92000,-115.20000
0.99000,-0.08000,1.26000,-3.37000,-3.65000,-3.33000,-3.33000,-105.92000,-115.20000
0.99000,-0.08000,1.26000,-3.23000,-3.54000,-3.31000,-3.31000,-106.24000,-111.07000
0.99000,-0.09000,1.26000,-3.32000,-3.43000,-3.28000,-3.28000,-106.24000,-111.07000
0.98000,-0.10000,1.26000,-3.46000,-3.34000,-3.26000,-3.26000,-106.04000,-111.69000
0.98000,-0.10000,1.26000,-3.26000,-3.23000,-3.26000,-3.26000,-106.04000,-111.69000
0.98000,-0.11000,1.26000,-3.23000,-3.26000,-3.25000,-3.25000,-106.33000,-113.38000
0.98000,-0.12000,1.26000,-2.98000,-3.07000,-3.23000,-3.23000,-106.33000,-113.38000
0.98000,-0.12000,1.27000,-3.04000,-3.26000,-3.22000,-3.21000,-109.94000,-115.45000
0.97000,-0.13000,1.27000,-3.23000,-3.37000,-3.18000,-3.18000,-109.94000,-115.45000
0.97000,-0.14000,1.27000,-3.34000,-3.37000,-3.15000,-3.14000,-106.57000,-110.68000
0.97000,-0.15000,1.27000,-3.34000,-3.37000,-3.12000,-3.11000,-106.57000,-110.68000
0.97000,-0.15000,1.27000,-3.20000,-3.29000,-3.09000,-3.08000,-103.55000,-108.42000
0.96000,-0.16000,1.27000,-3.26000,-3.04000,-3.05000,-3.04000,-103.55000,-108.42000
0.96000,-0.17000,1.27000,-3.23000,-3.15000,-3.05000,-3.04000,-102.66000,-111.04000
0.96000,-0.17000,1.27000,-3.15000,-3.09000,-3.03000,-3.02000,-102.66000,-111.04000
0.96000,-0.18000,1.26000,-3.07000,-2.95000,-3.00000,-2.99000,-102.37000,-109.46000
0.96000,-0.19000,1.26000,-3.12000,-2.79000,-2.98000,-2.97000,-102.37000,-109.46000
0.95000,-0.19000,1.25000,-2.93000,-2.82000,-2.99000,-2.98000,-101.78000,-113.29000
0.95000,-0.20000,1.26000,-2.84000,-2.95000,-2.98000,-2.96000,-101.78000,-113.29000
0.95000,-0.20000,1.26000,-2.93000,-3.01000,-2.92000,-2.90000,-104.08000,-110.73000
0.95000,-0.21000,1.26000,-2.90000,-2.87000,-2.86000,-2.84000,-104.08000,-110.73000
0.95000,-0.22000,1.25000,-2.98000,-2.81000,-2.82000,-2.79000,-102.19000,-109.99000
0.94000,-0.22000,1.25000,-2.84000,-2.79000,-2.80000,-2.76000,-102.19000,-109.99000
0.94000,-0.23000,1.25000,-2.82000,-2.84000,-2.75000,-2.71000,-101.54000,-109.63000
0.94000,-0.23000,1.26000,-2.70000,-2.93000,-2.69000,-2.64000,-101.54000,-109.63000
0.94000,-0.24000,1.26000,-2.79000,-2.93000,-2.58000,-2.52000,-100.56000,-104.16000
0.94000,-0.25000,1.26000,-2.95000,-2.84000,-2.50000,-2.38000,-100.56000,-104.16000
0.93000,-0.25000,1.26000,-2.79000,-2.70000,-2.47000,-2.30000,-94.41000,-99.63000
0.93000,-0.26000,1.26000,-2.68000,-2.76000,-2.44000,-2.21000,-94.41000,-99.63000
0.93000,-0.26000,1.26000,-2.48000,-2.54000,-2.39000,-2.07000,-94.43000,-94.15000
0.93000,-0.27000,1.25000,-2.54000,-2.26000,-2.35000,-1.95000,-94.43000,-94.15000
0.93000,-0.27000,1.25000,-2.43000,-2.23000,-2.34000,-1.93000,-94.13000,-95.47000
0.93000,-0.28000,1.24000,-2.56000,-1.95000,-2.33000,-1.89000,-94.13000,-95.47000
0.92000,-0.28000,1.23000,-2.48000,-2.12000,-2.36000,-1.97000,-92.74000,-98.67000
0.92000,-0.29000,1.23000,-1.92000,-1.70000,-2.36000,-1.97000,-92.74000,-98.67000
0.92000,-0.29000,1.23000,-1.92000,-2.04000,-2.35000,-1.96000,-101.06000,-102.39000
0.92000,-0.30000,1.23000,-1.84000,-1.67000,-2.32000,-1.84000,-101.06000,-102.39000
0.92000,-0.30000,1.22000,-2.29000,-2.06000,-2.31000,-1.81000,-104.22000,-102.16000
0.92000,-0.31000,1.22000,-2.62000,-2.40000,-2.30000,-1.78000,-104.22000,-102.16000
0.92000,-0.31000,1.22000,-2.26000,-1.98000,-2.28000,-1.73000,-94.96000,-90.85000
0.91000,-0.31000,1.21000,-2.56000,-2.26000,-2.28000,-1.71000,-94.96000,-90.85000
0.91000,-0.32000,1.20000,-2.65000,-1.95000,-2.27000,-1.68000,-93.58000,-88.17000
0.91000,-0.32000,1.19000,-2.15000,-1.73000,-2.29000,-1.75000,-93.58000,-88.17000
0.91000,-0.33000,1.18000,-2.17000,-1.65000,-2.29000,-1.76000,-98.44000,-93.91000
0.91000,-0.33000,1.17000,-2.34000,-1.81000,-2.31000,-1.81000,-98.44000,-93.91000
0.90000,-0.34000,1.16000,-2.37000,-1.70000,-2.32000,-1.85000,-96.77000,-94.12000
0.90000,-0.34000,1.15000,-2.51000,-2.06000,-2.34000,-1.92000,-96.77000,-94.12000
0.90000,-0.35000,1.14000,-2.76000,-2.17000,-2.34000,-1.93000,-94.50000,-91.79000
0.90000,-0.35000,1.13000,-2.37000,-1.87000,-2.35000,-1.96000,-94.50000,-91.79000
0.90000,-0.35000,1.13000,-2.40000,-2.29000,-2.36000,-1.98000,-95.85000,-94.73000
0.89000,-0.36000,1.13000,-2.23000,-2.03000,-2.33000,-1.88000,-95.85000,-94.73000
0.89000,-0.36000,1.13000,-2.03000,-2.37000,-2.31000,-1.81000,-97.11000,-90.36000
0.89000,-0.37000,1.12000,-2.29000,-1.92000,-2.25000,-1.61000,-97.11000,-90.36000
0.89000,-0.37000,1.12000,-2.15000,-1.73000,-2.25000,-1.59000,-95.83000,-87.33000
0.89000,-0.38000,1.11000,-1.98000,-1.64000,-2.24000,-1.58000,-95.83000,-87.33000
0.88000,-0.38000,1.11000,-1.98000,-1.67000,-2.24000,-1.56000,-100.08000,-89.04000
0.88000,-0.38000,1.10000,-1.87000,-1.56000,-2.23000,-1.53000,-100.08000,-89.04000
0.88000,-0.39000,1.10000,-2.04000,-1.92000,-2.23000,-1.50000,-103.16000,-88.96000
0.88000,-0.39000,1.08000,-2.01000,-1.25000,-2.21000,-1.43000,-103.16000,-88.96000
0.88000,-0.39000,1.07000,-2.20000,-1.31000,-2.23000,-1.48000,-103.18000,-92.93000
0.88000,-0.40000,1.06000,-2.06000,-1.42000,-2.24000,-1.56000,-103.18000,-92.93000
0.87000,-0.40000,1.04000,-2.26000,-1.45000,-2.25000,-1.60000,-104.01000,-93.47000
0.87000,-0.40000,1.03000,-2.37000,-1.73000,-2.27000,-1.66000,-104.01000,-93.47000
0.87000,-0.41000,1.02000,-2.40000,-1.62000,-2.27000,-1.67000,-100.83000,-91.07000
0.87000,-0.41000,1.01000,-2.43000,-1.98000,-2.28000,-1.72000,-100.83000,-91.07000
0.86000,-0.42000,0.99000,-2.59000,-1.84000,-2.27000,-1.67000,-99.37000,-86.90000
0.86000,-0.42000,0.99000,-2.31000,-1.81000,-2.27000,-1.68000,-99.37000,-86.90000
0.86000,-0.42000,0.97000,-1.87000,-0.81000,-2.26000,-1.65000,-100.01000,-87.19000
0.86000,-0.43000,0.94000,-2.70000,-1.37000,-2.30000,-1.80000,-100.01000,-87.19000
0.85000,-0.43000,0.93000,-2.45000,-1.92000,-2.36000,-1.98000,-95.31000,-97.90000
0.85000,-0.43000,0.92000,-2.62000,-1.76000,-2.34000,-1.92000,-95.31000,-97.90000
0.85000,-0.44000,0.91000,-2.65000,-1.98000,-2.35000,-1.95000,-94.37000,-95.31000
0.84000,-0.44000,0.90000,-2.23000,-2.06000,-2.34000,-1.90000,-94.37000,-95.31000
0.84000,-0.45000,0.90000,-2.04000,-1.98000,-2.29000,-1.73000,-97.63000,-88.61000
0.84000,-0.45000,0.90000,-2.29000,-2.06000,-2.24000,-1.56000,-97.63000,-88.61000
0.84000,-0.45000,0.89000,-2.26000,-1.78000,-2.21000,-1.43000,-96.05000,-82.02000
0.83000,-0.46000,0.88000,-2.26000,-1.59000,-2.20000,-1.35000,-96.05000,-82.02000
0.83000,-0.46000,0.86000,-1.92000,-1.25000,-2.19000,-1.31000,-95.70000,-83.52000
0.83000,-0.46000,0.84000,-2.09000,-0.95000,-2.19000,-1.28000,-95.70000,-83.52000
0.83000,-0.46000,0.83000,-2.06000,-1.14000,-2.19000,-1.32000,-97.85000,-91.70000
0.82000,-0.47000,0.82000,-1.95000,-1.31000,-2.19000,-1.32000,-97.85000,-91.70000
0.82000,-0.47000,0.80000,-2.06000,-1.45000,-2.19000,-1.28000,-100.47000,-87.89000
0.82000,-0.47000,0.80000,-1.98000,-1.56000,-2.18000,-1.23000,-100.47000,-87.89000
0.82000,-0.48000,0.78000,-2.51000,-1.48000,-2.18000,-1.15000,-101.33000,-82.05000
0.81000,-0.48000,0.76000,-2.54000,-1.42000,-2.18000,-1.12000,-101.33000,-82.05000
0.81000,-0.48000,0.74000,-2.37000,-1.51000,-2.18000,-1.09000,-94.17000,-80.76000
0.81000,-0.49000,0.72000,-2.23000,-1.14000,-2.18000,-1.05000,-94.17000,-80.76000
0.80000,-0.49000,0.71000,-1.90000,-1.20000,-2.18000,-1.02000,-96.68000,-81.94000
0.80000,-0.49000,0.70000,-1.87000,-1.45000,-2.19000,-0.99000,-96.68000,-81.94000
0.80000,-0.49000,0.69000,-1.53000,-0.95000,-2.20000,-0.96000,-102.07000,-75.63000
0.80000,-0.49000,0.68000,-1.87000,-1.17000,-2.20000,-0.94000,-102.07000,-75.63000
0.79000,-0.50000,0.67000,-1.78000,-1.14000,-2.21000,-0.93000,-104.21000,-76.39000
0.79000,-0.50000,0.65000,-2.06000,-1.17000,-2.21000,-0.92000,-104.21000,-76.39000
0.79000,-0.50000,0.64000,-1.90000,-1.20000,-2.21000,-0.91000,-103.40000,-74.71000
0.79000,-0.50000,0.62000,-1.92000,-1.09000,-2.21000,-0.91000,-103.40000,-74.71000
0.78000,-0.50000,0.61000,-1.95000,-1.06000,-2.21000,-0.91000,-106.34000,-74.37000
0.78000,-0.51000,0.60000,-1.81000,-1.14000,-2.19000,-0.91000,-106.34000,-74.37000
0.78000,-0.51000,0.57000,-2.20000,-1.06000,-2.13000,-0.91000,-108.52000,-72.51000
0.77000,-0.51000,0.54000,-2.12000,-0.45000,-1.92000,-0.80000,-108.52000,-72.51000
0.77000,-0.51000,0.51000,-2.15000,0.00000,-0.95000,-2.20000,-88.10000,-100.94000
0.77000,-0.51000,0.49000,-1.23000,-0.50000,-0.92000,-2.21000,-88.10000,-100.94000
0.77000,-0.51000,0.50000,-1.03000,-1.39000,-0.92000,-2.21000,-94.00000,-110.80000
0.77000,-0.51000,0.51000,-1.31000,-1.90000,-0.92000,-2.21000,-94.00000,-110.80000
0.76000,-0.52000,0.52000,-1.67000,-1.98000,-0.92000,-2.21000,-90.95000,-100.15000
0.76000,-0.52000,0.52000,-1.87000,-2.06000,-0.92000,-2.21000,-90.95000,-100.15000
0.75000,-0.52000,0.52000,-1.87000,-2.12000,-0.92000,-2.21000,-80.25000,-99.53000
0.75000,-0.52000,0.52000,-1.70000,-1.78000,-0.92000,-2.21000,-80.25000,-99.53000
0.75000,-0.53000,0.54000,-1.25000,-2.06000,-0.92000,-2.21000,-77.08000,-104.62000
0.74000,-0.53000,0.56000,-1.20000,-2.15000,-0.92000,-2.21000,-77.08000,-104.62000
0.74000,-0.53000,0.58000,-1.12000,-2.31000,-0.93000,-2.21000,-80.08000,-101.69000
0.74000,-0.53000,0.61000,-0.36000,-2.01000,-0.94000,-2.20000,-80.08000,-101.69000
0.74000,-0.53000,0.63000,-0.42000,-1.81000,-0.97000,-2.19000,-91.66000,-103.93000
0.74000,-0.53000,0.66000,-0.14000,-1.51000,-1.01000,-2.19000,-91.66000,-103.93000
0.73000,-0.53000,0.68000,-0.73000,-1.78000,-1.07000,-2.18000,-100.19000,-112.36000
0.73000,-0.54000,0.68000,-1.51000,-1.70000,-1.14000,-2.18000,-100.19000,-112.36000
0.73000,-0.54000,0.69000,-1.70000,-2.34000,-1.14000,-2.18000,-86.26000,-113.45000
0.72000,-0.54000,0.71000,-1.81000,-2.56000,-1.18000,-2.18000,-86.26000,-113.45000
0.72000,-0.55000,0.72000,-1.48000,-2.37000,-1.23000,-2.18000,-80.82000,-103.45000
0.72000,-0.55000,0.74000,-1.42000,-2.48000,-1.31000,-2.19000,-80.82000,-103.45000
0.71000,-0.55000,0.75000,-1.67000,-2.29000,-1.44000,-2.22000,-86.41000,-102.92000
0.71000,-0.55000,0.77000,-1.25000,-2.03000,-1.52000,-2.23000,-86.41000,-102.92000
0.71000,-0.56000,0.77000,-1.73000,-2.17000,-1.65000,-2.26000,-92.20000,-108.74000
0.70000,-0.56000,0.79000,-1.53000,-2.15000,-1.72000,-2.28000,-92.20000,-108.74000
0.70000,-0.56000,0.80000,-1.64000,-2.43000,-1.83000,-2.31000,-93.11000,-109.20000
0.70000,-0.57000,0.81000,-1.34000,-2.12000,-2.00000,-2.37000,-93.11000,-109.20000
0.70000,-0.57000,0.83000,-1.59000,-2.54000,-2.20000,-2.44000,-103.33000,-112.45000
0.69000,-0.57000,0.84000,-2.09000,-2.70000,-2.46000,-2.54000,-103.33000,-112.45000
0.69000,-0.58000,0.86000,-2.15000,-2.95000,-2.56000,-2.62000,-102.60000,-108.30000
0.68000,-0.58000,0.87000,-2.17000,-2.79000,-2.69000,-2.73000,-102.60000,-108.30000
0.68000,-0.59000,0.87000,-2.43000,-2.73000,-2.78000,-2.81000,-107.47000,-109.43000
0.68000,-0.59000,0.88000,-2.48000,-2.70000,-2.80000,-2.83000,-107.47000,-109.43000
0.67000,-0.60000,0.88000,-2.76000,-2.76000,-2.80000,-2.83000,-106.86000,-111.14000
0.67000,-0.60000,0.88000,-2.84000,-2.79000,-2.76000,-2.79000,-106.86000,-111.14000
0.66000,-0.61000,0.88000,-2.76000,-2.79000,-2.70000,-2.74000,-101.83000,-109.30000
0.66000,-0.61000,0.88000,-2.59000,-2.79000,-2.66000,-2.70000,-101.83000,-109.30000
0.66000,-0.61000,0.89000,-2.76000,-3.12000,-2.65000,-2.69000,-103.94000,-108.31000
0.65000,-0.62000,0.89000,-2.81000,-2.84000,-2.67000,-2.71000,-103.94000,-108.31000
0.65000,-0.62000,0.89000,-2.87000,-3.07000,-2.62000,-2.67000,-100.53000,-106.57000
0.64000,-0.63000,0.89000,-2.76000,-2.90000,-2.60000,-2.66000,-100.53000,-106.57000
0.64000,-0.63000,0.90000,-2.70000,-2.84000,-2.58000,-2.63000,-99.52000,-104.12000
0.64000,-0.64000,0.90000,-2.68000,-2.98000,-2.55000,-2.61000,-99.52000,-104.12000
0.63000,-0.64000,0.90000,-2.56000,-2.65000,-2.55000,-2.61000,-99.33000,-100.97000
0.63000,-0.65000,0.91000,-2.37000,-2.48000,-2.51000,-2.58000,-99.33000,-100.97000
0.63000,-0.65000,0.91000,-2.48000,-2.48000,-2.48000,-2.55000,-102.10000,-105.37000
0.62000,-0.66000,0.91000,-2.65000,-2.73000,-2.40000,-2.51000,-102.10000,-105.37000
0.62000,-0.66000,0.91000,-2.31000,-2.40000,-2.33000,-2.49000,-96.33000,-101.04000
0.62000,-0.67000,0.91000,-2.26000,-2.23000,-2.27000,-2.46000,-96.33000,-101.04000
0.61000,-0.67000,0.91000,-2.31000,-2.29000,-2.18000,-2.43000,-98.04000,-106.24000
0.61000,-0.67000,0.91000,-2.17000,-2.15000,-2.09000,-2.40000,-98.04000,-106.24000
0.61000,-0.68000,0.91000,-2.23000,-2.31000,-2.00000,-2.37000,-96.15000,-107.76000
0.60000,-0.68000,0.91000,-2.37000,-2.56000,-1.95000,-2.35000,-96.15000,-107.76000
0.60000,-0.69000,0.91000,-2.26000,-2.34000,-1.91000,-2.34000,-90.88000,-102.40000
0.60000,-0.69000,0.91000,-2.29000,-2.34000,-1.86000,-2.32000,-90.88000,-102.40000
0.59000,-0.69000,0.92000,-2.20000,-2.48000,-1.79000,-2.30000,-87.53000,-103.82000
0.59000,-0.70000,0.93000,-1.98000,-2.40000,-1.78000,-2.30000,-87.53000,-103.82000
0.59000,-0.70000,0.94000,-1.95000,-2.43000,-1.81000,-2.31000,-89.50000,-102.85000
0.58000,-0.71000,0.95000,-1.87000,-2.62000,-1.86000,-2.32000,-89.50000,-102.85000
0.58000,-0.71000,0.96000,-2.17000,-2.56000,-1.98000,-2.36000,-92.72000,-99.75000
0.58000,-0.71000,0.96000,-2.17000,-2.26000,-2.00000,-2.37000,-92.72000,-99.75000
0.58000,-0.72000,0.96000,-2.34000,-2.45000,-1.94000,-2.35000,-88.11000,-103.41000
0.57000,-0.72000,0.97000,-1.92000,-2.23000,-1.87000,-2.33000,-88.11000,-103.41000
0.57000,-0.73000,0.98000,-1.67000,-2.51000,-1.87000,-2.33000,-89.48000,-104.07000
0.57000,-0.73000,1.00000,-1.48000,-2.56000,-2.02000,-2.37000,-89.48000,-104.07000
0.57000,-0.73000,1.01000,-1.67000,-2.29000,-2.27000,-2.46000,-101.84000,-101.67000
0.56000,-0.74000,1.02000,-1.65000,-2.23000,-2.38000,-2.51000,-101.84000,-101.67000
0.56000,-0.74000,1.02000,-2.20000,-2.37000,-2.48000,-2.55000,-107.20000,-107.39000
0.56000,-0.75000,1.03000,-2.17000,-2.26000,-2.43000,-2.52000,-107.20000,-107.39000
0.55000,-0.75000,1.02000,-2.70000,-2.56000,-2.35000,-2.49000,-102.28000,-108.03000
0.55000,-0.76000,1.02000,-2.73000,-2.65000,-2.17000,-2.42000,-102.28000,-108.03000
0.55000,-0.76000,1.02000,-2.59000,-2.59000,-2.01000,-2.37000,-89.83000,-101.71000
0.55000,-0.77000,1.03000,-2.20000,-2.54000,-1.88000,-2.33000,-89.83000,-101.71000
0.54000,-0.77000,1.04000,-2.26000,-2.79000,-1.86000,-2.32000,-91.19000,-101.01000
0.54000,-0.78000,1.05000,-1.92000,-2.54000,-1.88000,-2.33000,-91.19000,-101.01000
0.54000,-0.78000,1.05000,-2.15000,-2.31000,-1.93000,-2.34000,-94.42000,-100.07000
0.54000,-0.78000,1.06000,-2.15000,-2.43000,-1.86000,-2.32000,-94.42000,-100.07000
0.53000,-0.79000,1.06000,-2.23000,-2.45000,-1.82000,-2.31000,-89.41000,-100.07000
0.53000,-0.79000,1.06000,-2.15000,-2.26000,-1.75000,-2.29000,-89.41000,-100.07000
0.53000,-0.80000,1.07000,-1.95000,-2.26000,-1.67000,-2.27000,-85.23000,-101.26000
0.53000,-0.80000,1.07000,-1.98000,-2.31000,-1.64000,-2.26000,-85.23000,-101.26000
0.52000,-0.80000,1.09000,-1.25000,-2.23000,-1.61000,-2.25000,-83.91000,-100.24000
0.52000,-0.81000,1.11000,-1.62000,-2.68000,-1.74000,-2.29000,-83.91000,-100.24000
0.52000,-0.81000,1.12000,-1.28000,-2.01000,-1.89000,-2.33000,-91.42000,-95.65000
0.52000,-0.82000,1.13000,-1.45000,-1.70000,-2.00000,-2.36000,-91.42000,-95.65000
0.52000,-0.82000,1.13000,-1.62000,-1.53000,-1.97000,-2.36000,-96.67000,-108.56000
0.52000,-0.82000,1.13000,-1.53000,-1.81000,-1.84000,-2.32000,-96.67000,-108.56000
0.51000,-0.83000,1.13000,-2.09000,-2.12000,-1.81000,-2.31000,-96.18000,-110.10000
0.51000,-0.83000,1.14000,-2.03000,-2.29000,-1.69000,-2.27000,-96.18000,-110.10000
0.51000,-0.84000,1.14000,-2.23000,-2.45000,-1.62000,-2.25000,-87.41000,-105.17000
0.51000,-0.84000,1.14000,-1.95000,-1.92000,-1.53000,-2.23000,-87.41000,-105.17000
0.51000,-0.84000,1.15000,-1.62000,-2.12000,-1.43000,-2.21000,-83.33000,-109.81000
0.50000,-0.85000,1.16000,-1.62000,-2.12000,-1.42000,-2.21000,-83.33000,-109.81000
0.50000,-0.85000,1.17000,-1.51000,-2.09000,-1.41000,-2.21000,-84.91000,-108.57000
0.50000,-0.85000,1.18000,-1.53000,-2.31000,-1.41000,-2.21000,-84.91000,-108.57000
0.50000,-0.86000,1.20000,-1.59000,-2.31000,-1.44000,-2.22000,-85.37000,-106.28000
0.50000,-0.86000,1.22000,-1.25000,-2.51000,-1.45000,-2.22000,-85.37000,-106.28000
0.50000,-0.87000,1.24000,-1.45000,-2.43000,-1.57000,-2.24000,-90.94000,-103.16000
0.49000,-0.87000,1.25000,-1.62000,-2.17000,-1.64000,-2.26000,-90.94000,-103.16000
0.49000,-0.88000,1.26000,-1.81000,-2.40000,-1.62000,-2.26000,-88.14000,-106.77000
0.49000,-0.88000,1.27000,-1.92000,-2.45000,-1.58000,-2.25000,-88.14000,-106.77000
0.49000,-0.88000,1.28000,-1.87000,-2.59000,-1.53000,-2.23000,-82.16000,-102.76000
0.49000,-0.89000,1.30000,-1.45000,-2.40000,-1.50000,-2.23000,-82.16000,-102.76000
0.49000,-0.89000,1.32000,-1.45000,-2.48000,-1.53000,-2.23000,-86.91000,-102.28000
0.49000,-0.90000,1.32000,-1.62000,-2.06000,-1.57000,-2.24000,-86.91000,-102.28000
0.49000,-0.90000,1.34000,-1.45000,-2.23000,-1.50000,-2.23000,-84.44000,-106.23000
0.48000,-0.91000,1.35000,-1.78000,-2.20000,-1.49000,-2.23000,-84.44000,-106.23000
0.48000,-0.91000,1.36000,-1.56000,-2.26000,-1.40000,-2.21000,-79.68000,-104.83000
0.48000,-0.91000,1.37000,-1.64000,-2.40000,-1.35000,-2.20000,-79.68000,-104.83000
0.48000,-0.92000,1.39000,-1.25000,-2.09000,-1.30000,-2.19000,-78.07000,-101.69000
0.48000,-0.92000,1.41000,-0.92000,-2.20000,-1.29000,-2.19000,-78.07000,-101.69000
0.48000,-0.92000,1.43000,-1.03000,-2.12000,-1.34000,-2.20000,-87.36000,-103.45000
0.48000,-0.93000,1.45000,-1.17000,-2.06000,-1.35000,-2.20000,-87.36000,-103.45000
0.48000,-0.93000,1.47000,-1.03000,-2.26000,-1.33000,-2.20000,-86.04000,-105.50000
0.48000,-0.94000,1.49000,-1.06000,-2.12000,-1.35000,-2.20000,-86.04000,-105.50000
0.48000,-0.94000,1.50000,-1.53000,-2.40000,-1.34000,-2.20000,-88.81000,-105.48000
0.48000,-0.94000,1.52000,-1.20000,-2.26000,-1.26000,-2.19000,-88.81000,-105.48000
0.48000,-0.95000,1.54000,-1.28000,-2.40000,-1.22000,-2.18000,-86.67000,-103.67000
0.48000,-0.95000,1.56000,-1.51000,-2.37000,-1.17000,-2.18000,-86.67000,-103.67000
0.48000,-0.96000,1.58000,-1.03000,-2.43000,-1.10000,-2.18000,-80.32000,-101.45000
0.48000,-0.96000,1.61000,-0.89000,-2.31000,-1.07000,-2.18000,-80.32000,-101.45000
0.48000,-0.96000,1.63000,-1.37000,-2.40000,-1.05000,-2.18000,-86.28000,-101.19000
0.48000,-0.97000,1.65000,-1.09000,-2.20000,-0.99000,-2.19000,-86.28000,-101.19000
0.48000,-0.97000,1.66000,-1.03000,-1.87000,-0.96000,-2.20000,-82.95000,-102.34000
0.48000,-0.97000,1.67000,-1.39000,-1.98000,-0.93000,-2.21000,-82.95000,-102.34000
0.48000,-0.98000,1.69000,-0.72000,-1.87000,-0.92000,-2.21000,-76.95000,-105.88000
0.48000,-0.98000,1.73000,-0.42000,-2.15000,-0.91000,-2.21000,-76.95000,-105.88000
0.48000,-0.98000,1.76000,-0.20000,-1.98000,-0.91000,-2.21000,-88.63000,-104.78000
0.48000,-0.99000,1.79000,0.00000,-2.04000,3.06000,3.05000,-88.63000,-104.78000
0.48000,-0.99000,1.83000,-0.03000,-1.76000,3.25000,3.25000,-35.47000,-24.94000
0.48000,-0.99000,1.83000,0.00000,-0.39000,3.34000,3.34000,-35.47000,-24.94000
0.48000,-0.99000,1.83000,-0.03000,0.00000,3.36000,3.36000,-14.34000,-16.27000
0.48000,-0.99000,1.83000,0.00000,0.00000,3.36000,3.36000,-14.34000,-16.27000
0.48000,-0.99000,1.83000,0.00000,0.00000,3.36000,3.36000,5.79000,0.34000
0.48000,-0.99000,1.83000,0.00000,0.00000,3.36000,3.36000,5.79000,0.34000
0.48000,-0.99000,1.83000,0.00000,0.00000,3.36000,3.36000,25.93000,20.48000
0.48000,-0.99000,1.83000,0.03000,0.00000,3.36000,3.36000,25.93000,20.48000
0.48000,-0.99000,1.83000,0.00000,0.03000,3.36000,3.36000,45.67000,40.63000
0.48000,-0.99000,1.83000,0.00000,0.00000,3.36000,3.36000,45.67000,40.63000
0.48000,-0.99000,1.83000,0.00000,0.00000,3.36000,3.36000,66.05000,60.75000
0.48000,-0.99000,1.83000,0.03000,0.00000,3.36000,3.36000,66.05000,60.75000
0.48000,-0.99000,1.83000,0.00000,0.00000,3.36000,3.36000,85.79000,80.91000
0.48000,-0.99000,1.83000,0.03000,0.00000,3.36000,3.36000,85.79000,80.91000
0.48000,-0.99000,1.85000,0.75000,0.00000,3.36000,3.36000,105.78000,101.06000
0.48000,-0.99000,1.87000,1.06000,0.03000,3.38000,3.38000,105.78000,101.06000
0.48000,-0.98000,1.89000,1.48000,0.00000,3.41000,3.41000,111.08000,121.59000
0.48000,-0.98000,1.91000,1.23000,0.03000,3.44000,3.44000,111.08000,121.59000
0.48000,-0.98000,1.94000,1.56000,0.00000,3.46000,3.46000,123.44000,142.66000
0.48000,-0.98000,1.95000,1.92000,1.28000,3.48000,3.48000,123.44000,142.66000
0.48000,-0.97000,1.96000,2.37000,2.06000,3.49000,3.49000,126.77000,144.81000
0.47000,-0.97000,1.96000,3.04000,3.15000,3.49000,3.49000,126.77000,144.81000
0.47000,-0.96000,1.95000,3.51000,3.79000,3.49000,3.49000,119.45000,130.05000
0.47000,-0.95000,1.95000,3.82000,3.82000,3.48000,3.48000,119.45000,130.05000
0.46000,-0.94000,1.95000,4.07000,4.12000,3.48000,3.48000,110.42000,122.01000
0.46000,-0.93000,1.95000,3.82000,3.96000,3.48000,3.48000,110.42000,122.01000
0.46000,-0.93000,1.95000,3.87000,3.62000,3.48000,3.48000,108.37000,117.88000
0.45000,-0.92000,1.96000,3.90000,3.68000,3.48000,3.48000,108.37000,117.88000
0.45000,-0.91000,1.96000,3.65000,3.46000,3.48000,3.48000,105.14000,119.24000
0.45000,-0.90000,1.96000,3.57000,3.48000,3.49000,3.49000,105.14000,119.24000
0.45000,-0.90000,1.96000,3.54000,3.51000,3.49000,3.49000,107.67000,121.02000
0.44000,-0.89000,1.96000,3.57000,3.48000,3.49000,3.49000,107.67000,121.02000
0.44000,-0.88000,1.97000,3.76000,3.65000,3.49000,3.49000,107.17000,121.03000
0.44000,-0.87000,1.97000,3.68000,3.68000,3.49000,3.49000,107.17000,121.03000
0.43000,-0.87000,1.97000,3.82000,3.71000,3.49000,3.49000,105.01000,118.11000
0.43000,-0.86000,1.97000,3.76000,3.73000,3.49000,3.49000,105.01000,118.11000
0.43000,-0.85000,1.97000,3.62000,3.71000,3.49000,3.49000,102.60000,116.12000
0.42000,-0.84000,1.97000,3.51000,3.60000,3.48000,3.48000,102.60000,116.12000
0.42000,-0.84000,1.97000,3.46000,3.48000,3.48000,3.48000,104.65000,116.66000
0.42000,-0.83000,1.96000,3.32000,3.40000,3.48000,3.48000,104.65000,116.66000
0.41000,-0.82000,1.96000,3.34000,3.46000,3.48000,3.48000,107.36000,118.87000
0.41000,-0.82000,1.96000,3.34000,3.37000,3.48000,3.48000,107.36000,118.87000
0.41000,-0.81000,1.96000,3.34000,3.40000,3.48000,3.48000,107.88000,119.73000
0.41000,-0.80000,1.96000,3.40000,3.40000,3.47000,3.47000,107.88000,119.73000
0.40000,-0.79000,1.96000,3.29000,3.51000,3.47000,3.47000,107.79000,119.89000
0.40000,-0.79000,1.95000,3.46000,3.57000,3.47000,3.47000,107.79000,119.89000
0.40000,-0.78000,1.95000,3.57000,3.68000,3.47000,3.47000,107.28000,117.70000
0.39000,-0.77000,1.95000,3.68000,3.59000,3.46000,3.46000,107.28000,117.70000
0.39000,-0.76000,1.95000,3.71000,3.93000,3.46000,3.46000,103.94000,116.62000
0.39000,-0.76000,1.95000,3.46000,3.71000,3.46000,3.45000,103.94000,116.62000
0.38000,-0.75000,1.94000,3.32000,3.40000,3.45000,3.45000,105.76000,113.92000
0.38000,-0.74000,1.95000,3.26000,3.15000,3.44000,3.44000,105.76000,113.92000
0.38000,-0.74000,1.95000,3.26000,3.21000,3.44000,3.44000,108.57000,120.66000
0.38000,-0.73000,1.95000,3.26000,3.26000,3.44000,3.44000,108.57000,120.66000
0.37000,-0.72000,1.95000,3.26000,3.29000,3.44000,3.44000,109.57000,120.65000
0.37000,-0.72000,1.95000,3.51000,3.43000,3.43000,3.43000,109.57000,120.65000
0.37000,-0.71000,1.95000,3.60000,3.51000,3.43000,3.43000,106.75000,119.09000
0.37000,-0.70000,1.95000,3.71000,3.54000,3.43000,3.43000,106.75000,119.09000
0.36000,-0.69000,1.95000,3.76000,3.68000,3.42000,3.42000,103.24000,117.33000
0.36000,-0.68000,1.96000,3.73000,3.60000,3.42000,3.42000,103.24000,117.33000
0.36000,-0.68000,1.96000,3.71000,3.68000,3.41000,3.41000,100.99000,115.66000
0.35000,-0.67000,1.96000,3.51000,3.62000,3.41000,3.41000,100.99000,115.66000
0.35000,-0.66000,1.95000,3.43000,3.54000,3.40000,3.39000,102.13000,113.87000
0.35000,-0.66000,1.95000,3.26000,3.37000,3.38000,3.38000,102.13000,113.87000
0.34000,-0.65000,1.95000,3.18000,3.26000,3.36000,3.36000,104.73000,115.80000
0.34000,-0.64000,1.95000,3.26000,3.34000,3.35000,3.34000,104.73000,115.80000
0.34000,-0.64000,1.95000,3.26000,3.18000,3.32000,3.32000,104.73000,115.53000
0.34000,-0.63000,1.95000,3.23000,3.18000,3.30000,3.30000,104.73000,115.53000
0.33000,-0.62000,1.95000,3.26000,3.26000,3.28000,3.28000,104.85000,117.22000
0.33000,-0.62000,1.95000,3.12000,3.26000,3.24000,3.24000,104.85000,117.22000
0.33000,-0.61000,1.94000,3.21000,3.40000,3.19000,3.18000,105.42000,115.14000
0.33000,-0.60000,1.95000,3.37000,3.34000,3.10000,3.09000,105.42000,115.14000
0.32000,-0.59000,1.95000,3.57000,3.40000,3.00000,2.99000,99.27000,110.49000
0.32000,-0.59000,1.95000,3.60000,3.51000,2.89000,2.86000,99.27000,110.49000
0.32000,-0.58000,1.95000,3.32000,3.46000,2.71000,2.66000,89.28000,100.97000
0.31000,-0.57000,1.95000,2.79000,2.90000,2.48000,2.30000,89.28000,100.97000
0.31000,-0.57000,1.95000,2.54000,2.43000,2.34000,1.91000,90.55000,93.83000
0.31000,-0.56000,1.95000,2.51000,2.09000,2.26000,1.65000,90.55000,93.83000
0.31000,-0.56000,1.96000,2.15000,1.87000,2.23000,1.50000,90.38000,93.86000
0.31000,-0.56000,1.96000,2.04000,1.95000,2.20000,1.36000,90.38000,93.86000
0.31000,-0.55000,1.97000,2.01000,1.59000,2.18000,1.23000,95.13000,88.26000
0.30000,-0.55000,1.97000,1.95000,1.73000,2.18000,1.15000,95.13000,88.26000
0.30000,-0.54000,1.99000,2.09000,1.39000,2.18000,1.08000,97.21000,85.06000
0.30000,-0.54000,1.99000,2.01000,1.64000,2.18000,1.04000,97.21000,85.06000
0.30000,-0.54000,2.01000,2.20000,1.48000,2.19000,1.00000,97.89000,81.20000
0.30000,-0.53000,2.02000,2.01000,1.39000,2.20000,0.97000,97.89000,81.20000
0.30000,-0.53000,2.03000,2.31000,1.37000,2.20000,0.95000,99.19000,80.33000
0.29000,-0.53000,2.05000,2.40000,1.25000,2.21000,0.93000,99.19000,80.33000
0.29000,-0.52000,2.07000,2.20000,1.14000,2.21000,0.92000,94.65000,79.36000
0.29000,-0.52000,2.09000,2.23000,1.25000,2.21000,0.92000,94.65000,79.36000
0.29000,-0.52000,2.10000,2.01000,1.34000,2.21000,0.91000,96.07000,77.21000
0.29000,-0.51000,2.12000,2.04000,1.34000,2.21000,0.91000,96.07000,77.21000
0.28000,-0.51000,2.13000,2.01000,1.28000,2.21000,0.91000,98.81000,73.86000
0.28000,-0.51000,2.14000,1.87000,1.37000,2.18000,0.91000,98.81000,73.86000
0.28000,-0.50000,2.15000,1.95000,1.09000,2.10000,0.90000,100.71000,70.80000
0.28000,-0.50000,2.17000,1.70000,0.59000,1.87000,0.76000,100.71000,70.80000
0.28000,-0.50000,2.21000,1.90000,0.03000,1.50000,0.44000,95.66000,72.82000
0.28000,-0.50000,2.24000,1.67000,0.00000,3.44000,3.44000,95.66000,72.82000
0.28000,-0.50000,2.27000,1.92000,0.00000,3.40000,3.40000,123.29000,125.05000
0.27000,-0.49000,2.28000,2.31000,2.01000,3.33000,3.33000,123.29000,125.05000
0.27000,-0.49000,2.29000,3.18000,2.37000,3.31000,3.31000,122.67000,113.99000
0.26000,-0.48000,2.31000,3.65000,2.59000,3.25000,3.25000,122.67000,113.99000
0.26000,-0.48000,2.33000,3.99000,3.15000,3.16000,3.16000,106.31000,110.84000
0.25000,-0.47000,2.34000,3.87000,3.12000,3.04000,3.05000,106.31000,110.84000
0.25000,-0.47000,2.35000,3.51000,3.12000,2.90000,2.92000,96.18000,102.72000
0.24000,-0.46000,2.36000,3.35000,2.82000,2.79000,2.82000,96.18000,102.72000
0.24000,-0.46000,2.37000,3.21000,2.76000,2.64000,2.69000,94.37000,102.60000
0.23000,-0.45000,2.37000,3.07000,2.56000,2.49000,2.56000,94.37000,102.60000
0.23000,-0.45000,2.38000,2.93000,2.45000,2.26000,2.46000,88.58000,102.15000
0.23000,-0.44000,2.38000,2.34000,2.43000,2.04000,2.38000,88.58000,102.15000
0.22000,-0.44000,2.38000,2.12000,2.26000,2.00000,2.37000,90.81000,102.24000
0.22000,-0.44000,2.38000,2.17000,2.12000,1.99000,2.36000,90.81000,102.24000
0.22000,-0.43000,2.38000,2.04000,2.17000,1.92000,2.34000,90.07000,106.11000
0.21000,-0.43000,2.38000,2.29000,2.09000,1.91000,2.34000,90.07000,106.11000
0.21000,-0.43000,2.38000,2.26000,2.48000,1.81000,2.31000,85.14000,107.34000
0.20000,-0.42000,2.37000,2.15000,2.43000,1.81000,2.31000,85.14000,107.34000
0.20000,-0.42000,2.37000,2.29000,2.37000,1.83000,2.31000,84.67000,103.71000
0.20000,-0.42000,2.36000,1.98000,2.43000,1.79000,2.30000,84.67000,103.71000
0.19000,-0.41000,2.36000,2.17000,2.29000,1.86000,2.32000,85.72000,103.18000
0.19000,-0.41000,2.36000,2.20000,2.40000,1.83000,2.31000,85.72000,103.18000
0.19000,-0.41000,2.35000,2.20000,2.37000,1.83000,2.31000,81.16000,102.83000
0.18000,-0.40000,2.35000,2.01000,2.06000,1.81000,2.31000,81.16000,102.83000
0.18000,-0.40000,2.35000,2.01000,2.04000,1.78000,2.30000,81.07000,107.12000
0.18000,-0.40000,2.35000,1.98000,1.98000,1.73000,2.29000,81.07000,107.12000
0.17000,-0.39000,2.35000,1.73000,1.92000,1.68000,2.27000,78.73000,109.40000
0.17000,-0.39000,2.34000,1.81000,2.31000,1.69000,2.27000,78.73000,109.40000
0.17000,-0.39000,2.34000,2.06000,1.98000,1.76000,2.29000,80.56000,106.45000
0.16000,-0.38000,2.34000,2.04000,2.06000,1.69000,2.27000,80.56000,106.45000
0.16000,-0.38000,2.34000,1.87000,1.95000,1.64000,2.26000,75.15000,109.60000
0.16000,-0.38000,2.33000,1.84000,2.23000,1.61000,2.25000,75.15000,109.60000
0.16000,-0.37000,2.32000,1.62000,2.06000,1.65000,2.26000,75.88000,108.33000
0.15000,-0.37000,2.32000,1.76000,1.92000,1.71000,2.28000,75.88000,108.33000
0.15000,-0.37000,2.31000,1.37000,1.87000,1.70000,2.28000,76.76000,113.33000
0.15000,-0.37000,2.31000,1.70000,1.84000,1.78000,2.30000,76.76000,113.33000
0.14000,-0.36000,2.30000,1.34000,2.06000,1.77000,2.30000,78.28000,116.99000
0.14000,-0.36000,2.29000,1.62000,2.04000,1.91000,2.34000,78.28000,116.99000
0.14000,-0.36000,2.28000,1.67000,2.37000,1.98000,2.36000,83.05000,117.74000
0.14000,-0.35000,2.26000,1.76000,2.45000,2.12000,2.41000,83.05000,117.74000
0.13000,-0.35000,2.25000,1.92000,2.62000,2.27000,2.46000,87.59000,114.99000
0.13000,-0.34000,2.24000,2.06000,2.70000,2.43000,2.52000,87.59000,114.99000
0.13000,-0.34000,2.23000,2.09000,2.84000,2.53000,2.60000,89.98000,113.27000
0.12000,-0.34000,2.22000,2.37000,2.79000,2.65000,2.69000,89.98000,113.27000
0.12000,-0.33000,2.21000,2.26000,2.73000,2.68000,2.72000,90.40000,113.26000
0.12000,-0.33000,2.20000,2.31000,2.82000,2.73000,2.76000,90.40000,113.26000
0.11000,-0.32000,2.19000,2.31000,2.82000,2.77000,2.81000,94.50000,113.69000
0.11000,-0.32000,2.18000,2.09000,2.76000,2.82000,2.85000,94.50000,113.69000
0.11000,-0.31000,2.17000,2.37000,2.68000,2.89000,2.91000,102.40000,116.10000
0.10000,-0.31000,2.17000,2.79000,2.84000,2.90000,2.92000,102.40000,116.10000
0.10000,-0.30000,2.17000,2.84000,2.98000,2.86000,2.88000,96.24000,115.30000
0.09000,-0.30000,2.17000,2.95000,3.12000,2.83000,2.85000,96.24000,115.30000
0.09000,-0.29000,2.16000,2.95000,3.21000,2.80000,2.82000,93.21000,110.49000
0.09000,-0.29000,2.16000,2.70000,3.04000,2.77000,2.81000,93.21000,110.49000
0.08000,-0.28000,2.15000,2.43000,2.82000,2.77000,2.81000,95.69000,109.67000
0.08000,-0.28000,2.14000,2.43000,2.82000,2.79000,2.82000,95.69000,109.67000
0.08000,-0.27000,2.14000,2.59000,2.82000,2.80000,2.83000,100.70000,111.98000
0.07000,-0.26000,2.14000,2.79000,2.90000,2.78000,2.81000,100.70000,111.98000
0.07000,-0.26000,2.14000,2.82000,2.84000,2.73000,2.76000,96.43000,109.85000
0.07000,-0.25000,2.14000,2.76000,2.68000,2.65000,2.70000,96.43000,109.85000
0.06000,-0.25000,2.14000,2.65000,2.68000,2.55000,2.61000,93.78000,110.03000
0.06000,-0.24000,2.13000,2.40000,2.59000,2.46000,2.54000,93.78000,110.03000
0.06000,-0.24000,2.13000,2.45000,2.51000,2.40000,2.51000,95.69000,109.45000
0.05000,-0.23000,2.13000,2.65000,2.54000,2.29000,2.47000,95.69000,109.45000
0.05000,-0.23000,2.13000,2.65000,2.62000,2.11000,2.40000,87.64000,108.18000
0.05000,-0.22000,2.13000,2.45000,2.68000,1.97000,2.36000,87.64000,108.18000
0.05000,-0.22000,2.13000,2.54000,2.51000,1.90000,2.33000,84.13000,104.24000
0.04000,-0.22000,2.13000,2.31000,2.34000,1.76000,2.29000,84.13000,104.24000
0.04000,-0.21000,2.13000,2.17000,2.31000,1.66000,2.27000,79.32000,106.18000
0.04000,-0.21000,2.12000,2.06000,2.26000,1.59000,2.25000,79.32000,106.18000
0.04000,-0.20000,2.12000,1.73000,2.23000,1.54000,2.24000,77.29000,106.52000
0.03000,-0.20000,2.11000,1.78000,2.12000,1.55000,2.24000,77.29000,106.52000
0.03000,-0.20000,2.10000,1.51000,2.23000,1.53000,2.23000,78.21000,108.45000
0.03000,-0.19000,2.09000,1.62000,2.15000,1.59000,2.25000,78.21000,108.45000
0.03000,-0.19000,2.07000,1.37000,2.34000,1.61000,2.25000,80.40000,109.01000
0.02000,-0.18000,2.06000,1.67000,2.45000,1.74000,2.29000,80.40000,109.01000
0.02000,-0.18000,2.04000,1.51000,2.40000,1.81000,2.31000,82.59000,105.88000
0.02000,-0.18000,2.03000,1.76000,2.20000,1.93000,2.35000,82.59000,105.88000
0.02000,-0.17000,2.02000,1.65000,2.31000,1.93000,2.34000,83.89000,109.30000
0.02000,-0.17000,2.01000,1.62000,2.06000,1.98000,2.36000,83.89000,109.30000
0.01000,-0.17000,2.00000,1.62000,2.37000,1.98000,2.36000,87.84000,112.50000
0.01000,-0.16000,1.98000,1.70000,2.37000,2.06000,2.39000,87.84000,112.50000
0.01000,-0.16000,1.98000,2.09000,2.37000,2.11000,2.40000,90.64000,110.32000
0.01000,-0.15000,1.97000,2.01000,2.51000,2.02000,2.37000,90.64000,110.32000
0.01000,-0.15000,1.97000,2.17000,2.48000,1.98000,2.36000,86.63000,107.80000
0.00000,-0.14000,1.96000,2.20000,2.43000,1.88000,2.33000,86.63000,107.80000
0.00000,-0.14000,1.95000,1.81000,2.59000,1.76000,2.29000,80.23000,107.16000
0.00000,-0.13000,1.93000,1.78000,2.59000,1.78000,2.30000,80.23000,107.16000
-0.00000,-0.13000,1.91000,1.62000,2.62000,1.81000,2.31000,84.61000,104.08000
-0.00000,-0.12000,1.90000,1.95000,2.51000,1.89000,2.33000,84.61000,104.08000
-0.00000,-0.12000,1.89000,1.87000,2.65000,1.84000,2.32000,82.66000,103.74000
-0.01000,-0.11000,1.88000,1.98000,2.48000,1.83000,2.31000,82.66000,103.74000
-0.01000,-0.11000,1.87000,1.92000,2.73000,1.75000,2.29000,80.19000,102.61000
-0.01000,-0.10000,1.86000,1.95000,2.40000,1.72000,2.28000,80.19000,102.61000
-0.01000,-0.10000,1.85000,1.53000,2.26000,1.61000,2.25000,77.21000,102.17000
-0.01000,-0.10000,1.84000,1.53000,1.67000,1.59000,2.25000,77.21000,102.17000
-0.01000,-0.09000,1.83000,0.98000,1.87000,1.48000,2.22000,79.38000,111.72000
-0.01000,-0.09000,1.81000,0.92000,1.76000,1.51000,2.23000,79.38000,111.72000
-0.01000,-0.09000,1.80000,1.17000,2.01000,1.55000,2.24000,89.30000,113.99000
-0.01000,-0.08000,1.79000,1.59000,2.01000,1.55000,2.24000,89.30000,113.99000
-0.01000,-0.08000,1.78000,1.70000,2.37000,1.45000,2.22000,81.63000,112.84000
-0.02000,-0.07000,1.77000,1.81000,2.45000,1.37000,2.20000,81.63000,112.84000
-0.02000,-0.07000,1.75000,1.62000,2.51000,1.28000,2.19000,74.85000,106.95000
-0.02000,-0.07000,1.74000,1.73000,2.43000,1.22000,2.18000,74.85000,106.95000
-0.02000,-0.06000,1.72000,1.12000,2.20000,1.15000,2.18000,70.94000,105.63000
-0.02000,-0.06000,1.70000,1.14000,2.01000,1.13000,2.18000,70.94000,105.63000
-0.02000,-0.05000,1.69000,1.25000,2.06000,1.10000,2.18000,75.49000,110.41000
-0.02000,-0.05000,1.67000,0.89000,1.84000,1.06000,2.18000,75.49000,110.41000
-0.02000,-0.05000,1.65000,1.20000,2.04000,1.04000,2.18000,78.09000,114.00000
-0.02000,-0.04000,1.64000,1.53000,2.09000,1.00000,2.19000,78.09000,114.00000
-0.02000,-0.04000,1.63000,1.48000,2.37000,0.96000,2.20000,68.18000,112.52000
-0.02000,-0.04000,1.61000,1.20000,2.17000,0.93000,2.21000,68.18000,112.52000
-0.02000,-0.03000,1.59000,1.17000,2.34000,0.92000,2.21000,69.16000,112.13000
-0.02000,-0.03000,1.57000,1.23000,2.40000,0.91000,2.21000,69.16000,112.13000
-0.02000,-0.02000,1.55000,1.17000,1.98000,0.91000,2.21000,66.92000,109.03000
-0.02000,-0.02000,1.54000,1.14000,2.06000,0.91000,2.21000,66.92000,109.03000
-0.02000,-0.02000,1.52000,1.00000,1.87000,0.91000,2.18000,66.33000,112.48000